Workbook

Sheet Tabella riassuntiva
B1: Legenda colori: | E1: 001B
C2: Dismesso
C3: Richiede lavori
C4: Sfioro di testa rete, si attiva per rigurgito
C5: dati aggiornati post 01/01/2026
AC6: Sistemare formula mettendo Qs>=20 e non solo > | AD6: Sistemare formula mettendo Qs>=20 e non solo >
B7: A destra i campi su SAP | D7: CODICE_PROVINCIA_MANUFATTO | E7: CODICE_PROVINCIA_SCARICO | F7: NOTE | K7: DEPURATORE_ASSOCIATO | L7: RECAPITO_EMISSARIO | M7: TIPO_SCARICO | O7: TIPO_MANUFATTO | P7: ABITANTI_EQUIVALENTI_CIVILI | Q7: ABITANTI_EQUIVALENTI_INDUSTRIA | R7: ABITANTI_EQUIV_TOTALI | S7: PORTATA_REFLUA_CIVILE | T7: PORTATA_REFLUA_INDUSTRIALE | U7: PORTATA_NERA_MEDIA_ANNUA | V7: PORTATA_SOGLIA | W7: PORTATA_AVVIARE_DEPURAZIONE | X7: RAPP_PSOGLIA_MEDIA_ANNUA | Y7: PORT_SOGLIA_PORT_DEPURAZIONE | Z7: BACINO>10.000 AE | AA7: RAPP_PSOGLIA_AVVIARE_DEPURAZ | AB7: TIPOLOGIA | AC7: CONF_NORM_PORT_NERA | AE7: VASCA_REGOLAMENTO_REG | AF7: BACINO_PROPRIO | AG7: PORTATA_METEORICA_INGRESSO | AH7: PORTATA_LIMITE_INGRESSO | AI7: MANUFATTO_LIMITANTE | AJ7: PORTATA_SPECIFICA_SCARICO | AK7: SUPERFICIE_IMPERMEABILE | AM7: VASCA_TUTELA_USO_ACQUE | AO7: SCADENZA_AUTORIZ_PROVINCIA | AP7: NR_ATTO_PROVINCIA | AQ7: CONSORZIO_COMPETENTE | AR7: SCADENZA_AUTORIZ_CONSORZIO | AS7: NR_ATTO_CONSORZIO
A8: Mese modifica | C8: Codice | D8: Cod Prov Manufa SF | E8: Cod Prov Scarico SF | F8: Note | G8: COMUNE | H8: LOCALITA | I8: UBICAZIONE | J8: Coordinate | K8: DEPURATORE ASSOCIATO | L8: RECAPITO EMISSARIO | M8: Tipo di scarico | N8: Scarica a lago o suolo? (serve per il calcolo automatico di Pavv) | O8: TIPO | P8: AE CIV | Q8: AE IND | R8: AE TOT | S8: Q CIV [l/s] | T8: Q IND [l/s] | U8: Qnm [l/s] | V8: Qs [l/s] | W8: Pavv [l/s] | X8: Qs/Qnm | Y8: Qs > Pavv | Z8: 10'000 AE | AA8: Qs/Pavv | AB8: TIPOLOGIA | AC8: è conforme? | AD8: Qs>20 | AE8: Vasca RR | AF8: Bacino proprio (ha) | AG8: Q meteo in ingresso al manufatto (l/s) | AH8: Q limite ingresso al manufatto (l/s) | AI8: Manufatto limitante | AJ8: Portata specifica allo scarico [l/s haimp] | AK8: Sup imp [ha] | AL8: Qscolmata [l/s] | AM8: Vasca PTUA | AN8: dotazione sistema di rilevamento automatico dell'attivazione (SI/NO) | AO8: Scadenza autorizzazione Provincia | AP8: Atto Provincia n° | AQ8: Consorzio competente | AR8: Scadenza concessione Consorzio | AS8: Atto Consorzio n° | AT8: Note AUT./CONC.
C9: SF-BGN-CAM2 | E9: =D9&""&$E$1 -> 001B | F9: dismesso, pozzetto di testa | G9: Bagnolo San Vito | H9: Campione | J9: 45.07802541119757, 10.822675720904686 | K9: Bagnolo san Vito (Campione) | R9: =P9+Q9 -> 0 | U9: =T9+S9 -> 0 | AC9: =IF(O9="di testa rete",IF(V9>W9,"SI","NO"),IF(V9>20,IF(V9>(W9+0.001),"SI","NO"),IF(V9<(W9+0.001),"NO",IF(O9="in testa impianto sollevamento","SI",IF(O9="in testa impianto di depurazione",IF(K9="Ponti sul Mincio (Capoluogo)","NO","SI"),"NO"))))) -> NO | AI9: =IF(AG9>AH9, "Manufatto limitante", " ") | AK9: =((MIN(AG9:AH9))-V9)/AJ9 -> #DIV/0! | AL9: =MIN(AG9:AH9)-V9 -> 0 | AO9: - | AP9: - | AQ9: - | AR9: - | AS9: - | AT9: -
C10: SF-BGN-PRI | E10: =D10&""&$E$1 -> 001B | F10: dismesso | G10: Bagnolo San Vito | H10: Capoluogo | I10: Da ex sala valvole sollevamento | J10: 45.072441, 10.874700 | K10: Bagnolo san Vito (Capoluogo) | R10: =P10+Q10 -> 0 | U10: =T10+S10 -> 0 | AC10: =IF(O10="di testa rete",IF(V10>W10,"SI","NO"),IF(V10>20,IF(V10>(W10+0.001),"SI","NO"),IF(V10<(W10+0.001),"NO",IF(O10="in testa impianto sollevamento","SI",IF(O10="in testa impianto di depurazione",IF(K10="Ponti sul Mincio (Capoluogo)","NO","SI"),"NO"))))) -> NO | AI10: =IF(AG10>AH10, "Manufatto limitante", " ") | AK10: =((MIN(AG10:AH10))-V10)/AJ10 -> #DIV/0! | AL10: =MIN(AG10:AH10)-V10 -> 0 | AO10: - | AP10: - | AQ10: - | AR10: - | AS10: - | AT10: -
C11: SF-BGV-PAR2 | E11: =D11&""&$E$1 -> 001B | F11: dismesso 2021 | G11: Borgo Virgilio | H11: Pietole | I11: via Parma 29 | J11: 45.11421155095645, 10.81829287848042 | K11: Borgo Virgilio (Pietole) | M11: - | R11: =P11+Q11 -> 0 | U11: =T11+S11 -> 0 | AC11: =IF(O11="di testa rete",IF(V11>W11,"SI","NO"),IF(V11>20,IF(V11>(W11+0.001),"SI","NO"),IF(V11<(W11+0.001),"NO",IF(O11="in testa impianto sollevamento","SI",IF(O11="in testa impianto di depurazione",IF(K11="Ponti sul Mincio (Capoluogo)","NO","SI"),"NO"))))) -> NO | AI11: =IF(AG11>AH11, "Manufatto limitante", " ") | AK11: =((MIN(AG11:AH11))-V11)/AJ11 -> #DIV/0! | AL11: =MIN(AG11:AH11)-V11 -> 0 | AO11: - | AP11: - | AQ11: - | AR11: - | AS11: - | AT11: -
C12: SF-BGV-SCO | E12: =D12&""&$E$1 -> 001B | F12: dismesso | G12: Borgo Virgilio | H12: Scorzarolo | I12: depuratore | J12: 45.05649967907035, 10.685944116289598 | K12: Borgo Virgilio (Scorzarolo) | R12: =P12+Q12 -> 0 | U12: =T12+S12 -> 0 | AC12: =IF(O12="di testa rete",IF(V12>W12,"SI","NO"),IF(V12>20,IF(V12>(W12+0.001),"SI","NO"),IF(V12<(W12+0.001),"NO",IF(O12="in testa impianto sollevamento","SI",IF(O12="in testa impianto di depurazione",IF(K12="Ponti sul Mincio (Capoluogo)","NO","SI"),"NO"))))) -> NO | AI12: =IF(AG12>AH12, "Manufatto limitante", " ") | AK12: =((MIN(AG12:AH12))-V12)/AJ12 -> #DIV/0! | AL12: =MIN(AG12:AH12)-V12 -> 0 | AP12: - | AQ12: - | AR12: - | AS12: - | AT12: -
C13: SF-BZZ-BZZ1 | E13: =D13&""&$E$1 -> 001B | F13: Dismesso, bypass della grigliatura, scaricava tramite pompe | G13: Bozzolo | H13: Capoluogo | I13: depuratore | J13: 45.056500, 10.685944 | K13: Bozzolo (capoluogo) | O13: in testa impianto di depurazione | R13: =P13+Q13 -> 0 | U13: =T13+S13 -> 0 | AC13: =IF(O13="di testa rete",IF(V13>W13,"SI","NO"),IF(V13>20,IF(V13>(W13+0.001),"SI","NO"),IF(V13<(W13+0.001),"NO",IF(O13="in testa impianto sollevamento","SI",IF(O13="in testa impianto di depurazione",IF(K13="Ponti sul Mincio (Capoluogo)","NO","SI"),"NO"))))) -> NO | AI13: =IF(AG13>AH13, "Manufatto limitante", " ") | AK13: =((MIN(AG13:AH13))-V13)/AJ13 -> #DIV/0! | AL13: =MIN(AG13:AH13)-V13 -> 0 | AO13: 46147 | AP13: PD/497 del 05/05/2022 | AQ13: - | AR13: - | AS13: -
C14: SF-CRB-200 | E14: =D14&""&$E$1 -> 001B | F14: dismesso 2021 | G14: Carbonara di Po | H14: Capoluogo | I14: via Arginino | J14: 45.02955985139492, 11.216392589483148 | K14: Carbonara di Po | L14: fosso | AC14: =IF(O14="di testa rete",IF(V14>W14,"SI","NO"),IF(V14>20,IF(V14>(W14+0.001),"SI","NO"),IF(V14<(W14+0.001),"NO",IF(O14="in testa impianto sollevamento","SI",IF(O14="in testa impianto di depurazione",IF(K14="Ponti sul Mincio (Capoluogo)","NO","SI"),"NO"))))) -> NO | AO14: - | AP14: - | AQ14: - | AR14: - | AS14: - | AT14: -
C15: SF-DSL-XXS | E15: =D15&""&$E$1 -> 001B | F15: DISMESSO | G15: Dosolo | H15: Villastrada | J15: 44.97978, 10.64232 | K15: Dosolo | AC15: =IF(O15="di testa rete",IF(V15>W15,"SI","NO"),IF(V15>20,IF(V15>(W15+0.001),"SI","NO"),IF(V15<(W15+0.001),"NO",IF(O15="in testa impianto sollevamento","SI",IF(O15="in testa impianto di depurazione",IF(K15="Ponti sul Mincio (Capoluogo)","NO","SI"),"NO"))))) -> NO | AO15: - | AP15: - | AQ15: - | AR15: - | AS15: - | AT15: -
C16: SF-GNZ-GNZ | E16: =D16&""&$E$1 -> 001B | F16: dismesso | G16: Gonzaga | J16: 44.95088325927053, 10.829668978954954 | K16: Gonzaga (capoluogo) | R16: =P16+Q16 -> 0 | AC16: =IF(O16="di testa rete",IF(V16>W16,"SI","NO"),IF(V16>20,IF(V16>(W16+0.001),"SI","NO"),IF(V16<(W16+0.001),"NO",IF(O16="in testa impianto sollevamento","SI",IF(O16="in testa impianto di depurazione",IF(K16="Ponti sul Mincio (Capoluogo)","NO","SI"),"NO"))))) -> NO | AI16: =IF(AG16>AH16, "Manufatto limitante", " ") | AK16: =((MIN(AG16:AH16))-V16)/AJ16 -> #DIV/0! | AL16: =MIN(AG16:AH16)-V16 -> 0 | AO16: - | AP16: - | AQ16: - | AR16: - | AS16: - | AT16: -
C17: SF-GZZ-EUR1 | E17: =D17&""&$E$1 -> 001B | F17: dismesso | G17: Gazzuolo | J17: 45.06331794020736, 10.5804572346409 | K17: Gazzuolo | R17: =P17+Q17 -> 0 | AC17: =IF(O17="di testa rete",IF(V17>W17,"SI","NO"),IF(V17>20,IF(V17>(W17+0.001),"SI","NO"),IF(V17<(W17+0.001),"NO",IF(O17="in testa impianto sollevamento","SI",IF(O17="in testa impianto di depurazione",IF(K17="Ponti sul Mincio (Capoluogo)","NO","SI"),"NO"))))) -> NO | AI17: =IF(AG17>AH17, "Manufatto limitante", " ") | AK17: =((MIN(AG17:AH17))-V17)/AJ17 -> #DIV/0! | AL17: =MIN(AG17:AH17)-V17 -> 0 | AO17: - | AP17: - | AQ17: - | AR17: - | AS17: - | AT17: -
C18: SF-GZZ-MAR | E18: =D18&""&$E$1 -> 001B | F18: dismesso | G18: Gazzuolo | J18: 45.059230920749336, 10.579547107889386 | K18: Gazzuolo | R18: =P18+Q18 -> 0 | U18: =T18+S18 -> 0 | AC18: =IF(O18="di testa rete",IF(V18>W18,"SI","NO"),IF(V18>20,IF(V18>(W18+0.001),"SI","NO"),IF(V18<(W18+0.001),"NO",IF(O18="in testa impianto sollevamento","SI",IF(O18="in testa impianto di depurazione",IF(K18="Ponti sul Mincio (Capoluogo)","NO","SI"),"NO"))))) -> NO | AI18: =IF(AG18>AH18, "Manufatto limitante", " ") | AK18: =((MIN(AG18:AH18))-V18)/AJ18 -> #DIV/0! | AL18: =MIN(AG18:AH18)-V18 -> 0 | AO18: - | AP18: - | AQ18: - | AR18: - | AS18: - | AT18: -
C19: SF-MN-7DIC | E19: =D19&""&$E$1 -> 001B | F19: Dismesso novembre 2020 | G19: Mantova | H19: Belfiore | I19: Belfiore | J19: 45.15703, 10.77016 | K19: Mantova | L19: Lago Superiore | N19: si | Q19: 0 | R19: =P19+Q19 -> 0 | T19: 0 | U19: =T19+S19 -> 0 | X19: =V19/U19 -> #DIV/0! | Y19: =IF(V19>W19, "è in grado", "non è in grado") -> non è in grado | Z19: =IF(R19>10000, "sottende", "non sottende") -> non sottende | AA19: =V19/W19 -> #DIV/0! | AB19: =IF(R19>10000, "B", IF(AA19>=2, "A", "B")) -> #DIV/0! | AC19: =IF(O19="di testa rete",IF(V19>W19,"SI","NO"),IF(V19>20,IF(V19>(W19+0.001),"SI","NO"),IF(V19<(W19+0.001),"NO",IF(O19="in testa impianto sollevamento","SI",IF(O19="in testa impianto di depurazione",IF(K19="Ponti sul Mincio (Capoluogo)","NO","SI"),"NO"))))) -> NO | AD19: =IF(V19>20, "Si", "No") -> No | AE19: non occorre | AF19: 0.11 | AG19: 26 | AH19: 703 | AI19: =IF(AG19>AH19, "Manufatto limitante", " ") | AJ19: 0 | AK19: =((MIN(AG19:AH19))-V19)/AJ19 -> #DIV/0! | AL19: =MIN(AG19:AH19)-V19 -> 26 | AM19: non occorre | AO19: - | AP19: - | AQ19: - | AR19: - | AS19: - | AT19: -
C20: SF-MN-BEL | E20: =D20&""&$E$1 -> 001B | F20: In dismissione a marzo 24 | G20: Mantova | H20: Belfiore | I20: Belfiore | J20: 45.15705, 10.76941 | K20: Mantova | L20: Lago Superiore | N20: si | O20: di rete | P20: 866 | Q20: 0 | R20: =P20+Q20 -> 866 | S20: 2.04 | T20: 0 | U20: =T20+S20 -> 2.04 | V20: 22.54 | W20: 10.02 | X20: =V20/U20 -> 11.04902 | Y20: =IF(V20>W20, "è in grado", "non è in grado") -> è in grado | Z20: =IF(R20>10000, "sottende", "non sottende") -> non sottende | AA20: =V20/W20 -> 2.249501 | AB20: =IF(R20>10000, "B", IF(AA20>=2, "A", "B")) -> A | AC20: =IF(O20="di testa rete",IF(V20>W20,"SI","NO"),IF(V20>20,IF(V20>(W20+0.001),"SI","NO"),IF(V20<(W20+0.001),"NO",IF(O20="in testa impianto sollevamento","SI",IF(O20="in testa impianto di depurazione",IF(K20="Ponti sul Mincio (Capoluogo)","NO","SI"),"NO"))))) -> SI | AD20: =IF(V20>20, "Si", "No") -> Si | AE20: non occorre | AF20: 7.31 | AG20: 854 | AH20: 948 | AI20: =IF(AG20>AH20, "Manufatto limitante", " ") | AJ20: 187.58 | AK20: =((MIN(AG20:AH20))-V20)/AJ20 -> 4.4325621 | AL20: =MIN(AG20:AH20)-V20 -> 831.46 | AM20: Non occorre (scarica a lago) | AO20: - | AP20: - | AQ20: - | AR20: - | AS20: - | AT20: -
C21: SF-MN-BRES | E21: =D21&""&$E$1 -> 001B | F21: Dismesso a settembre 24, rifatto su suolo pubblico (SF-MN-LAV) | G21: Mantova | H21: Gambarara | I21: Gambarara - via Brescia | J21: 45.17953, 10.78239 | K21: Mantova | L21: canale Gambarara, recapitante ai Laghi di Mantova | N21: si | O21: in testa impianto sollevamento | P21: 519 | Q21: 7 | R21: =P21+Q21 -> 526 | S21: 1.22 | T21: 0.61 | U21: =T21+S21 -> 1.83 | V21: 30 | W21: 6.09 | X21: =V21/U21 -> 16.393443 | Y21: =IF(V21>W21, "è in grado", "non è in grado") -> è in grado | Z21: =IF(R21>10000, "sottende", "non sottende") -> non sottende | AA21: =V21/W21 -> 4.9261084 | AB21: =IF(R21>10000, "B", IF(AA21>=2, "A", "B")) -> A | AC21: =IF(O21="di testa rete",IF(V21>W21,"SI","NO"),IF(V21>20,IF(V21>(W21+0.001),"SI","NO"),IF(V21<(W21+0.001),"NO",IF(O21="in testa impianto sollevamento","SI",IF(O21="in testa impianto di depurazione",IF(K21="Ponti sul Mincio (Capoluogo)","NO","SI"),"NO"))))) -> SI | AD21: =IF(V21>20, "Si", "No") -> Si | AE21: non occorre | AF21: 32.83 | AG21: 3816 | AH21: 2881 | AI21: =IF(AG21>AH21, "Manufatto limitante", " ") -> Manufatto limitante | AJ21: 152 | AK21: =((MIN(AG21:AH21))-V21)/AJ21 -> 18.756579 | AL21: =MIN(AG21:AH21)-V21 -> 2851 | AM21: Non occorre (scarica a lago) | AO21: - | AP21: - | AQ21: - | AR21: - | AS21: - | AT21: -
C22: SF-MN-CIP2 | E22: =D22&""&$E$1 -> 001B | F22: Dismesso | G22: Mantova | H22: Lunetta | I22: Strada Lunetta / strada Cipata | J22: 45.16145705318603, 10.816036154271155 | K22: Mantova | L22: Cavo San Giorgio, recapitante ai Laghi di Mantova | N22: si | AC22: =IF(O22="di testa rete",IF(V22>W22,"SI","NO"),IF(V22>20,IF(V22>(W22+0.001),"SI","NO"),IF(V22<(W22+0.001),"NO",IF(O22="in testa impianto sollevamento","SI",IF(O22="in testa impianto di depurazione",IF(K22="Ponti sul Mincio (Capoluogo)","NO","SI"),"NO"))))) -> NO | AI22: =IF(AG22>AH22, "Manufatto limitante", " ") | AK22: =((MIN(AG22:AH22))-V22)/AJ22 -> #DIV/0! | AL22: =MIN(AG22:AH22)-V22 -> 0 | AO22: - | AP22: - | AQ22: - | AR22: - | AS22: - | AT22: -
C23: SF-MN-SPA | E23: =D23&""&$E$1 -> 001B | F23: Dismesso, rete convertita in meteorica 2019 | G23: Mantova | H23: Cittadella | I23: str. Montata/via Spalti | J23: 45.173062123889686, 10.792263591297695 | K23: Mantova | L23: Cavo Parcarello | O23: di rete | AC23: =IF(O23="di testa rete",IF(V23>W23,"SI","NO"),IF(V23>20,IF(V23>(W23+0.001),"SI","NO"),IF(V23<(W23+0.001),"NO",IF(O23="in testa impianto sollevamento","SI",IF(O23="in testa impianto di depurazione",IF(K23="Ponti sul Mincio (Capoluogo)","NO","SI"),"NO"))))) -> NO | AI23: =IF(AG23>AH23, "Manufatto limitante", " ") | AK23: =((MIN(AG23:AH23))-V23)/AJ23 -> #DIV/0! | AL23: =MIN(AG23:AH23)-V23 -> 0 | AO23: - | AP23: - | AQ23: - | AR23: - | AS23: - | AT23: -
C24: SF-MTG-FIL | E24: =D24&""&$E$1 -> 001B | F24: Non trovato in fase di rilievo 2021, definito dismesso | G24: Motteggiana | K24: Villa Saviola | U24: =T24+S24 -> 0 | Y24: =IF(V24>W24, "è in grado", "non è in grado") -> non è in grado | Z24: =IF(R24>10000, "sottende", "non sottende") -> non sottende | AA24: =V24/W24 -> #DIV/0! | AB24: =IF(R24>10000, "B", IF(AA24>=2, "A", "B")) -> #DIV/0! | AC24: =IF(O24="di testa rete",IF(V24>W24,"SI","NO"),IF(V24>20,IF(V24>(W24+0.001),"SI","NO"),IF(V24<(W24+0.001),"NO",IF(O24="in testa impianto sollevamento","SI",IF(O24="in testa impianto di depurazione",IF(K24="Ponti sul Mincio (Capoluogo)","NO","SI"),"NO"))))) -> NO | AD24: =IF(V24>20, "Si", "No") -> No | AI24: =IF(AG24>AH24, "Manufatto limitante", " ") | AK24: =((MIN(AG24:AH24))-V24)/AJ24 -> #DIV/0! | AL24: =MIN(AG24:AH24)-V24 -> 0 | AO24: - | AP24: - | AQ24: - | AR24: - | AS24: - | AT24: -
C25: SF-PVC-MATT1 | E25: =D25&""&$E$1 -> 001B | F25: Dismesso aprile 2022 | G25: Borgo Mantovano | H25: Pieve di Coriano | I25: via Matteotti n.12 | J25: 45.033679, 11.109779 | K25: Pieve di Coriano | AC25: =IF(O25="di testa rete",IF(V25>W25,"SI","NO"),IF(V25>20,IF(V25>(W25+0.001),"SI","NO"),IF(V25<(W25+0.001),"NO",IF(O25="in testa impianto sollevamento","SI",IF(O25="in testa impianto di depurazione",IF(K25="Ponti sul Mincio (Capoluogo)","NO","SI"),"NO"))))) -> NO | AL25: =MIN(AG25:AH25)-V25 -> 0 | AO25: lasciato scadere | AP25: n° PD / 131 del 05/02/2018 | AQ25: - | AR25: - | AS25: - | AT25: -
C26: SF-SCH-ROM | E26: =D26&""&$E$1 -> 001B | F26: dismesso 21-03-22 | G26: Schivenoglia | H26: Capoluogo | I26: Via Roma, 6 | J26: 44.992076, 11.075611 | K26: Schivenoglia (Capoluogo) | L26: Redefossi Boline (da fosso intubato) | O26: di rete | P26: 8 | Q26: 0 | R26: =P26+Q26 -> 8 | S26: 0.02 | T26: 0 | U26: =T26+S26 -> 0.02 | V26: 28.2 | W26: 0.07 | X26: =V26/U26 -> 1410 | Y26: =IF(V26>W26, "è in grado", "non è in grado") -> è in grado | Z26: =IF(R26>10000, "sottende", "non sottende") -> non sottende | AA26: =V26/W26 -> 402.85714 | AB26: =IF(R26>10000, "B", IF(AA26>=2, "A", "B")) -> A | AC26: =IF(O26="di testa rete",IF(V26>W26,"SI","NO"),IF(V26>20,IF(V26>(W26+0.001),"SI","NO"),IF(V26<(W26+0.001),"NO",IF(O26="in testa impianto sollevamento","SI",IF(O26="in testa impianto di depurazione",IF(K26="Ponti sul Mincio (Capoluogo)","NO","SI"),"NO"))))) -> SI | AD26: =IF(V26>20, "Si", "No") -> Si | AE26: non occorre | AF26: 0.6 | AG26: 95 | AH26: 210 | AI26: =IF(AG26>AH26, "Manufatto limitante", " ") | AJ26: 201.7 | AK26: =((MIN(AG26:AH26))-V26)/AJ26 -> 0.33118493 | AL26: =MIN(AG26:AH26)-V26 -> 66.8 | AM26: Occorre vasca volano | AO26: 46166 | AP26: PD/575 del 23/05/2022 | AQ26: - | AR26: - | AS26: -
C27: SF-SNG-555 | E27: =D27&""&$E$1 -> 001B | F27: dismesso | G27: San Giorgio Bigarello | H27: Zona Industriale | I27: via dell'Artigianato | J27: 45.16270084501211, 10.853486365430925 | K27: Mantova | L27: Condotto Olmolungo | O27: di rete | P27: 5 | Q27: 0 | R27: =P27+Q27 -> 5 | S27: 0.01 | T27: 0 | U27: =T27+S27 -> 0.01 | V27: 37.69 | W27: 0.04 | X27: =V27/U27 -> 3769 | Y27: =IF(V27>W27, "è in grado", "non è in grado") -> è in grado | Z27: =IF(R27>10000, "sottende", "non sottende") -> non sottende | AA27: =V27/W27 -> 942.25 | AB27: =IF(R27>10000, "B", IF(AA27>=2, "A", "B")) -> A | AC27: =IF(O27="di testa rete",IF(V27>W27,"SI","NO"),IF(V27>20,IF(V27>(W27+0.001),"SI","NO"),IF(V27<(W27+0.001),"NO",IF(O27="in testa impianto sollevamento","SI",IF(O27="in testa impianto di depurazione",IF(K27="Ponti sul Mincio (Capoluogo)","NO","SI"),"NO"))))) -> SI | AD27: =IF(V27>20, "Si", "No") -> Si | AE27: non occorre | AI27: =IF(AG27>AH27, "Manufatto limitante", " ") | AJ27: 93.31 | AK27: =((MIN(AG27:AH27))-V27)/AJ27 -> -0.40392241 | AL27: =MIN(AG27:AH27)-V27 -> -37.69 | AM27: Occorre vasca volano | AO27: - | AP27: - | AQ27: - | AR27: - | AS27: - | AT27: -
C28: SF-SNM-ONE | E28: =D28&""&$E$1 -> 001B | F28: Considerato dismesso, non trovato anche con scavo | G28: San Martino dall' Argine | I28: via Valle Onetta prop. Privata | K28: S. Martino dall’Argine (capoluogo) | AC28: =IF(O28="di testa rete",IF(V28>W28,"SI","NO"),IF(V28>20,IF(V28>(W28+0.001),"SI","NO"),IF(V28<(W28+0.001),"NO",IF(O28="in testa impianto sollevamento","SI",IF(O28="in testa impianto di depurazione",IF(K28="Ponti sul Mincio (Capoluogo)","NO","SI"),"NO"))))) -> NO | AI28: =IF(AG28>AH28, "Manufatto limitante", " ") | AK28: =((MIN(AG28:AH28))-V28)/AJ28 -> #DIV/0! | AL28: =MIN(AG28:AH28)-V28 -> 0 | AP28: PD/1075 del 20/09/2022 | AQ28: - | AR28: - | AS28: - | AT28: -
C29: SF-SRM-GAD | E29: =D29&""&$E$1 -> 001B | F29: Dismesso e convertito in scarico di piovane 2020 | G29: Sermide e Felonica | I29: via Gadda | J29: 45.00132721107914, 11.300598764577936 | K29: Sermide e Felonica (Sermide) | R29: =P29+Q29 -> 0 | U29: =T29+S29 -> 0 | AC29: =IF(O29="di testa rete",IF(V29>W29,"SI","NO"),IF(V29>20,IF(V29>(W29+0.001),"SI","NO"),IF(V29<(W29+0.001),"NO",IF(O29="in testa impianto sollevamento","SI",IF(O29="in testa impianto di depurazione",IF(K29="Ponti sul Mincio (Capoluogo)","NO","SI"),"NO"))))) -> NO | AI29: =IF(AG29>AH29, "Manufatto limitante", " ") | AL29: =MIN(AG29:AH29)-V29 -> 0 | AQ29: - | AR29: -
C30: SF-SZZ-ZZA1 | E30: =D30&""&$E$1 -> 001B | F30: dismesso | G30: Suzzara | H30: Sailetto | J30: 45.02901098905842, 10.752193973146019 | K30: Motteggiana | O30: in testa impianto sollevamento | AC30: =IF(O30="di testa rete",IF(V30>W30,"SI","NO"),IF(V30>20,IF(V30>(W30+0.001),"SI","NO"),IF(V30<(W30+0.001),"NO",IF(O30="in testa impianto sollevamento","SI",IF(O30="in testa impianto di depurazione",IF(K30="Ponti sul Mincio (Capoluogo)","NO","SI"),"NO"))))) -> NO | AI30: =IF(AG30>AH30, "Manufatto limitante", " ") | AK30: =((MIN(AG30:AH30))-V30)/AJ30 -> #DIV/0! | AL30: =MIN(AG30:AH30)-V30 -> 0 | AO30: - | AP30: - | AQ30: - | AR30: - | AS30: - | AT30: -
C31: SF-BGN-ALL1 | D31: - | E31: =D31&""&$E$1 -> -001B | G31: Bagnolo San Vito | H31: San Biagio | I31: Via Allende 4 | J31: 45.0955, 10.84722 | K31: Bagnolo San Vito (Capoluogo) | L31: Allacciante Berla Dolcini Gherardo (scarica attraverso rete meteorica) | M31: tramite condotta meteo | O31: di rete | P31: 29 | Q31: 0 | R31: =P31+Q31 -> 29 | S31: 0.07 | T31: 0 | U31: =T31+S31 -> 0.07 | V31: 59.11 | W31: =MAX(IF(N31="si",R31*1000/86400,R31*750/86400),IF(Q31>=(0.5*P31),(1.5*S31+T31)*2.5,(1.5*S31+T31)*2)) -> 0.25173611 | X31: =V31/U31 -> 844.42857 | Y31: =IF(V31>W31, "è in grado", "non è in grado") -> è in grado | Z31: =IF(R31>10000, "sottende", "non sottende") -> non sottende | AA31: =V31/W31 -> 234.80938 | AB31: =IF(R31>10000, "B", IF(AA31>=2, "A", "B")) -> A | AC31: =IF(O31="di testa rete",IF(V31>W31,"SI","NO"),IF(V31>20,IF(V31>(W31+0.001),"SI","NO"),IF(V31<(W31+0.001),"NO",IF(O31="in testa impianto sollevamento","SI",IF(O31="in testa impianto di depurazione",IF(K31="Ponti sul Mincio (Capoluogo)","NO","SI"),"NO"))))) -> SI | AD31: =IF(V31>20, "Si", "No") -> Si | AE31: non occorre | AF31: 1.36 | AG31: 186 | AH31: 578 | AI31: =IF(AG31>AH31, "Manufatto limitante", " ") | AJ31: 195.02 | AK31: =((MIN(AG31:AH31))-V31)/AJ31 -> 0.65065122 | AL31: =MIN(AG31:AH31)-V31 -> 126.89 | AM31: Occorre vasca volano | AN31: No | AP31: in meteo - chiedere al comune | AQ31: n.a. - rete meteorica in fosso afferente | AR31: n.a. | AS31: -
C32: SF-BGN-ALL2 | D32: - | E32: =D32&""&$E$1 -> -001B | G32: Bagnolo San Vito | H32: San Biagio | I32: Via Allende / Via Giuseppe di Vittorio | J32: 45.095528, 10.847938 | K32: Bagnolo San Vito (Capoluogo) | L32: Allacciante Berla Dolcini Gherardo (scarica attraverso rete meteorica) | M32: tramite condotta meteo | O32: di rete | P32: 37 | Q32: 0 | R32: =P32+Q32 -> 37 | S32: 0.09 | T32: 0 | U32: =T32+S32 -> 0.09 | V32: 41.23 | W32: =MAX(IF(N32="si",R32*1000/86400,R32*750/86400),IF(Q32>=(0.5*P32),(1.5*S32+T32)*2.5,(1.5*S32+T32)*2)) -> 0.32118056 | X32: =V32/U32 -> 458.11111 | Y32: =IF(V32>W32, "è in grado", "non è in grado") -> è in grado | Z32: =IF(R32>10000, "sottende", "non sottende") -> non sottende | AA32: =V32/W32 -> 128.37016 | AB32: =IF(R32>10000, "B", IF(AA32>=2, "A", "B")) -> A | AC32: =IF(O32="di testa rete",IF(V32>W32,"SI","NO"),IF(V32>20,IF(V32>(W32+0.001),"SI","NO"),IF(V32<(W32+0.001),"NO",IF(O32="in testa impianto sollevamento","SI",IF(O32="in testa impianto di depurazione",IF(K32="Ponti sul Mincio (Capoluogo)","NO","SI"),"NO"))))) -> SI | AD32: =IF(V32>20, "Si", "No") -> Si | AE32: non occorre | AF32: 0.35 | AG32: 110 | AH32: 405 | AI32: =IF(AG32>AH32, "Manufatto limitante", " ") | AJ32: 394.28 | AK32: =((MIN(AG32:AH32))-V32)/AJ32 -> 0.17441919 | AL32: =MIN(AG32:AH32)-V32 -> 68.77 | AM32: Occorre vasca volano | AN32: No | AP32: in meteo - chiedere al comune | AQ32: n.a. - rete meteorica in fosso afferente | AR32: n.a. | AS32: -
C33: SF-BGN-BAI | D33: PP0200030014 | E33: =D33&""&$E$1 -> PP0200030014001B | G33: Bagnolo San Vito | H33: San Nicolò Po | I33: Via Baiona (dopo Via Papa Giovanni XXIII) | J33: 45.053653, 10.832636 | K33: Bagnolo San Vito (S. Nicolò Po) | L33: Canale Dugaletto | O33: in testa impianto di depurazione | P33: 317 | Q33: 0 | R33: =P33+Q33 -> 317 | S33: 0.75 | T33: 0 | U33: =T33+S33 -> 0.75 | V33: 10 | W33: =MAX(IF(N33="si",R33*1000/86400,R33*750/86400),IF(Q33>=(0.5*P33),(1.5*S33+T33)*2.5,(1.5*S33+T33)*2)) -> 2.7517361 | X33: =V33/U33 -> 13.333333 | Y33: =IF(V33>W33, "è in grado", "non è in grado") -> è in grado | Z33: =IF(R33>10000, "sottende", "non sottende") -> non sottende | AA33: =V33/W33 -> 3.6340694 | AB33: =IF(R33>10000, "B", IF(AA33>=2, "A", "B")) -> A | AC33: =IF(O33="di testa rete",IF(V33>W33,"SI","NO"),IF(V33>20,IF(V33>(W33+0.001),"SI","NO"),IF(V33<(W33+0.001),"NO",IF(O33="in testa impianto sollevamento","SI",IF(O33="in testa impianto di depurazione",IF(K33="Ponti sul Mincio (Capoluogo)","NO","SI"),"NO"))))) -> SI | AD33: =IF(V33>20, "Si", "No") -> No | AE33: non occorre | AF33: 15.47 | AG33: 1563 | AH33: 2595 | AI33: =IF(AG33>AH33, "Manufatto limitante", " ") | AJ33: 190.98 | AK33: =((MIN(AG33:AH33))-V33)/AJ33 -> 8.1317415 | AL33: =MIN(AG33:AH33)-V33 -> 1553 | AM33: Occorre vasca volano | AN33: Si | AO33: 46880 | AP33: n° PD / 722 del 03/05/2024 | AQ33: TDM | AR33: IN CORSO | AS33: Richiesta in data 3/05/2023
C34: SF-BGN-BGN | D34: PP0200030006 | E34: =D34&""&$E$1 -> PP0200030006001B | G34: Bagnolo San Vito | H34: Capoluogo | I34: Via Virgiliana (accesso) | J34: 45.09311, 10.875454 | K34: Bagnolo San Vito (Capoluogo) | L34: Cavo Franzina | O34: di rete | P34: 703 | Q34: 0 | R34: =P34+Q34 -> 703 | S34: 1.65 | T34: 0 | U34: =T34+S34 -> 1.65 | V34: 182.2 | W34: =MAX(IF(N34="si",R34*1000/86400,R34*750/86400),IF(Q34>=(0.5*P34),(1.5*S34+T34)*2.5,(1.5*S34+T34)*2)) -> 6.1024306 | X34: =V34/U34 -> 110.42424 | Y34: =IF(V34>W34, "è in grado", "non è in grado") -> è in grado | Z34: =IF(R34>10000, "sottende", "non sottende") -> non sottende | AA34: =V34/W34 -> 29.856956 | AB34: =IF(R34>10000, "B", IF(AA34>=2, "A", "B")) -> A | AC34: =IF(O34="di testa rete",IF(V34>W34,"SI","NO"),IF(V34>20,IF(V34>(W34+0.001),"SI","NO"),IF(V34<(W34+0.001),"NO",IF(O34="in testa impianto sollevamento","SI",IF(O34="in testa impianto di depurazione",IF(K34="Ponti sul Mincio (Capoluogo)","NO","SI"),"NO"))))) -> SI | AD34: =IF(V34>20, "Si", "No") -> Si | AE34: non occorre | AF34: 19.09 | AG34: 1704 | AH34: 1913 | AI34: =IF(AG34>AH34, "Manufatto limitante", " ") | AJ34: 168.36 | AK34: =((MIN(AG34:AH34))-V34)/AJ34 -> 9.0389641 | AL34: =MIN(AG34:AH34)-V34 -> 1521.8 | AM34: Occorre vasca volano | AN34: Si | AO34: 46719 | AP34: n° PD / 1957 28/11/2023 | AQ34: TDM | AR34: IN CORSO | AT34: Richiesta in data 31.01.2023
C35: SF-BGN-CAM1 | D35: PP0200030001 | E35: =D35&""&$E$1 -> PP0200030001001B | G35: Bagnolo San Vito | H35: Campione | I35: Via Campione 31/c | J35: 45.081287936122656, 10.820213494883854 | K35: Bagnolo san Vito (Campione) | L35: Gasparola tramite fossato di scolo | O35: di testa rete | P35: 144 | Q35: 0 | R35: =P35+Q35 -> 144 | S35: 0.34 | T35: 0 | U35: =T35+S35 -> 0.34 | V35: 10.5 | W35: =MAX(IF(N35="si",R35*1000/86400,R35*750/86400),IF(Q35>=(0.5*P35),(1.5*S35+T35)*2.5,(1.5*S35+T35)*2)) -> 1.25 | X35: =V35/U35 -> 30.882353 | Y35: =IF(V35>W35, "è in grado", "non è in grado") -> è in grado | Z35: =IF(R35>10000, "sottende", "non sottende") -> non sottende | AA35: =V35/W35 -> 8.4 | AB35: =IF(R35>10000, "B", IF(AA35>=2, "A", "B")) -> A | AC35: =IF(O35="di testa rete",IF(V35>W35,"SI","NO"),IF(V35>20,IF(V35>(W35+0.001),"SI","NO"),IF(V35<(W35+0.001),"NO",IF(O35="in testa impianto sollevamento","SI",IF(O35="in testa impianto di depurazione",IF(K35="Ponti sul Mincio (Capoluogo)","NO","SI"),"NO"))))) -> SI | AD35: =IF(V35>20, "Si", "No") -> No | AE35: non occorre | AF35: 8.42 | AG35: 900 | AH35: 935.7 | AI35: =IF(AG35>AH35, "Manufatto limitante", " ") | AJ35: 220.2 | AK35: =((MIN(AG35:AH35))-V35)/AJ35 -> 4.0395095 | AL35: =MIN(AG35:AH35)-V35 -> 889.5 | AM35: Occorre vasca volano | AN35: No | AO35: 46685 | AP35: n° PD / 1786 24/10/2023 | AQ35: fosso privato afferente canale consortile - n.a. | AR35: n.a. | AS35: -
C36: SF-BGN-CHI | D36: PP0200030003 | E36: =D36&""&$E$1 -> PP0200030003001B | F36: Relazione incompleta, manca Qs | G36: Bagnolo San Vito | H36: San Biagio | I36: via Chiesa | J36: 45.099066, 10.8501 | K36: Bagnolo San Vito (Capoluogo) | L36: Canale Fossetta | O36: di rete | P36: 35 | Q36: 0 | R36: =P36+Q36 -> 35 | S36: 0.08 | T36: 0 | U36: =T36+S36 -> 0.08 | V36: 29.96 | W36: =MAX(IF(N36="si",R36*1000/86400,R36*750/86400),IF(Q36>=(0.5*P36),(1.5*S36+T36)*2.5,(1.5*S36+T36)*2)) -> 0.30381944 | X36: =V36/U36 -> 374.5 | Y36: =IF(V36>W36, "è in grado", "non è in grado") -> è in grado | Z36: =IF(R36>10000, "sottende", "non sottende") -> non sottende | AA36: =V36/W36 -> 98.6112 | AB36: =IF(R36>10000, "B", IF(AA36>=2, "A", "B")) -> A | AC36: =IF(O36="di testa rete",IF(V36>W36,"SI","NO"),IF(V36>20,IF(V36>(W36+0.001),"SI","NO"),IF(V36<(W36+0.001),"NO",IF(O36="in testa impianto sollevamento","SI",IF(O36="in testa impianto di depurazione",IF(K36="Ponti sul Mincio (Capoluogo)","NO","SI"),"NO"))))) -> SI | AD36: =IF(V36>20, "Si", "No") -> Si | AE36: non occorre | AF36: 1.34 | AG36: 167 | AH36: 1067 | AI36: =IF(AG36>AH36, "Manufatto limitante", " ") | AJ36: 231 | AK36: =((MIN(AG36:AH36))-V36)/AJ36 -> 0.59324675 | AL36: =MIN(AG36:AH36)-V36 -> 137.04 | AM36: Occorre vasca volano | AN36: No | AO36: 46719 | AP36: n° PD / 1957 28/11/2023 | AQ36: TDM | AR36: IN CORSO | AT36: Richiesta in data 31.01.2023
C37: SF-BGN-FER1 | D37: - | E37: =D37&""&$E$1 -> -001B | G37: Bagnolo San Vito | H37: San Biagio | I37: via Ferri 9 | J37: 45.094512, 10.847054 | K37: Bagnolo San Vito (Capoluogo) | L37: Allacciante Berla Dolcini Gherardo (scarica attraverso rete meteorica) | M37: tramite condotta meteo | O37: di rete | P37: 34 | Q37: 0 | R37: =P37+Q37 -> 34 | S37: 0.08 | T37: 0 | U37: =T37+S37 -> 0.08 | V37: 43.32 | W37: =MAX(IF(N37="si",R37*1000/86400,R37*750/86400),IF(Q37>=(0.5*P37),(1.5*S37+T37)*2.5,(1.5*S37+T37)*2)) -> 0.29513889 | X37: =V37/U37 -> 541.5 | Y37: =IF(V37>W37, "è in grado", "non è in grado") -> è in grado | Z37: =IF(R37>10000, "sottende", "non sottende") -> non sottende | AA37: =V37/W37 -> 146.77835 | AB37: =IF(R37>10000, "B", IF(AA37>=2, "A", "B")) -> A | AC37: =IF(O37="di testa rete",IF(V37>W37,"SI","NO"),IF(V37>20,IF(V37>(W37+0.001),"SI","NO"),IF(V37<(W37+0.001),"NO",IF(O37="in testa impianto sollevamento","SI",IF(O37="in testa impianto di depurazione",IF(K37="Ponti sul Mincio (Capoluogo)","NO","SI"),"NO"))))) -> SI | AD37: =IF(V37>20, "Si", "No") -> Si | AE37: non occorre | AF37: 1.18 | AG37: 187 | AH37: 536 | AI37: =IF(AG37>AH37, "Manufatto limitante", " ") | AJ37: 220.37 | AK37: =((MIN(AG37:AH37))-V37)/AJ37 -> 0.65199437 | AL37: =MIN(AG37:AH37)-V37 -> 143.68 | AM37: Occorre vasca volano | AN37: No | AP37: in meteo - chiedere al comune | AQ37: n.a. - rete meteorica in fosso afferente | AR37: n.a. | AS37: -
C38: SF-BGN-FER2 | D38: - | E38: =D38&""&$E$1 -> -001B | G38: Bagnolo San Vito | H38: San Biagio | I38: via Ferri 3 | J38: 45.09424, 10.84772 | K38: Bagnolo San Vito (Capoluogo) | L38: Allacciante Berla Dolcini Gherardo (scarica attraverso rete meteorica) | M38: tramite condotta meteo | O38: di rete | P38: 107 | Q38: 0 | R38: =P38+Q38 -> 107 | S38: 0.25 | T38: 0 | U38: =T38+S38 -> 0.25 | V38: 31.37 | W38: =MAX(IF(N38="si",R38*1000/86400,R38*750/86400),IF(Q38>=(0.5*P38),(1.5*S38+T38)*2.5,(1.5*S38+T38)*2)) -> 0.92881944 | X38: =V38/U38 -> 125.48 | Y38: =IF(V38>W38, "è in grado", "non è in grado") -> è in grado | Z38: =IF(R38>10000, "sottende", "non sottende") -> non sottende | AA38: =V38/W38 -> 33.774056 | AB38: =IF(R38>10000, "B", IF(AA38>=2, "A", "B")) -> A | AC38: =IF(O38="di testa rete",IF(V38>W38,"SI","NO"),IF(V38>20,IF(V38>(W38+0.001),"SI","NO"),IF(V38<(W38+0.001),"NO",IF(O38="in testa impianto sollevamento","SI",IF(O38="in testa impianto di depurazione",IF(K38="Ponti sul Mincio (Capoluogo)","NO","SI"),"NO"))))) -> SI | AD38: =IF(V38>20, "Si", "No") -> Si | AE38: non occorre | AF38: 0.99 | AG38: 224 | AH38: 566 | AI38: =IF(AG38>AH38, "Manufatto limitante", " ") | AJ38: 369.93 | AK38: =((MIN(AG38:AH38))-V38)/AJ38 -> 0.52072014 | AL38: =MIN(AG38:AH38)-V38 -> 192.63 | AM38: Occorre vasca volano | AN38: No | AP38: in meteo - chiedere al comune | AQ38: n.a. - rete meteorica in fosso afferente | AR38: n.a. | AS38: -
C39: SF-BGN-FER3 | D39: - | E39: =D39&""&$E$1 -> -001B | G39: Bagnolo San Vito | H39: San Biagio | I39: via Ferri | J39: 45.094025, 10.848405 | K39: Bagnolo San Vito (Capoluogo) | L39: Allacciante Berla Dolcini Gherardo (scarica attraverso rete meteorica) | M39: tramite condotta meteo | O39: di rete | P39: 128 | Q39: 0 | R39: =P39+Q39 -> 128 | S39: 0.3 | T39: 0 | U39: =T39+S39 -> 0.3 | V39: 64.39 | W39: =MAX(IF(N39="si",R39*1000/86400,R39*750/86400),IF(Q39>=(0.5*P39),(1.5*S39+T39)*2.5,(1.5*S39+T39)*2)) -> 1.1111111 | X39: =V39/U39 -> 214.63333 | Y39: =IF(V39>W39, "è in grado", "non è in grado") -> è in grado | Z39: =IF(R39>10000, "sottende", "non sottende") -> non sottende | AA39: =V39/W39 -> 57.951 | AB39: =IF(R39>10000, "B", IF(AA39>=2, "A", "B")) -> A | AC39: =IF(O39="di testa rete",IF(V39>W39,"SI","NO"),IF(V39>20,IF(V39>(W39+0.001),"SI","NO"),IF(V39<(W39+0.001),"NO",IF(O39="in testa impianto sollevamento","SI",IF(O39="in testa impianto di depurazione",IF(K39="Ponti sul Mincio (Capoluogo)","NO","SI"),"NO"))))) -> SI | AD39: =IF(V39>20, "Si", "No") -> Si | AE39: non occorre | AF39: 0.73 | AG39: 149 | AH39: 533 | AI39: =IF(AG39>AH39, "Manufatto limitante", " ") | AJ39: 210.55 | AK39: =((MIN(AG39:AH39))-V39)/AJ39 -> 0.40185229 | AL39: =MIN(AG39:AH39)-V39 -> 84.61 | AM39: Occorre vasca volano | AN39: No | AP39: in meteo - chiedere al comune | AQ39: n.a. - rete meteorica in fosso afferente | AR39: n.a. | AS39: -
C40: SF-BGN-GAS | D40: PP0200030013 | E40: =D40&""&$E$1 -> PP0200030013001B | G40: Bagnolo San Vito | H40: San Giacomo Po | I40: Via De Gasperi | J40: 45.072436, 10.874688 | K40: Bagnolo San Vito (Capoluogo) | L40: Canale Bolognina | O40: in testa impianto sollevamento | P40: 411 | Q40: 0 | R40: =P40+Q40 -> 411 | S40: 0.97 | T40: 0 | U40: =T40+S40 -> 0.97 | V40: 9 | W40: =MAX(IF(N40="si",R40*1000/86400,R40*750/86400),IF(Q40>=(0.5*P40),(1.5*S40+T40)*2.5,(1.5*S40+T40)*2)) -> 3.5677083 | X40: =V40/U40 -> 9.2783505 | Y40: =IF(V40>W40, "è in grado", "non è in grado") -> è in grado | Z40: =IF(R40>10000, "sottende", "non sottende") -> non sottende | AA40: =V40/W40 -> 2.5226277 | AB40: =IF(R40>10000, "B", IF(AA40>=2, "A", "B")) -> A | AC40: =IF(O40="di testa rete",IF(V40>W40,"SI","NO"),IF(V40>20,IF(V40>(W40+0.001),"SI","NO"),IF(V40<(W40+0.001),"NO",IF(O40="in testa impianto sollevamento","SI",IF(O40="in testa impianto di depurazione",IF(K40="Ponti sul Mincio (Capoluogo)","NO","SI"),"NO"))))) -> SI | AD40: =IF(V40>20, "Si", "No") -> No | AE40: non occorre | AF40: 5.62 | AG40: 320 | AH40: 668 | AI40: =IF(AG40>AH40, "Manufatto limitante", " ") | AJ40: 180.65 | AK40: =((MIN(AG40:AH40))-V40)/AJ40 -> 1.721561 | AL40: =MIN(AG40:AH40)-V40 -> 311 | AM40: Occorre vasca volano | AN40: Si | AO40: 46719 | AP40: n° PD / 1957 28/11/2023 | AQ40: TDM | AR40: IN CORSO | AT40: Richiesta in data 31.01.2023
C41: SF-BGN-JUL | D41: PP0200030005 | E41: =D41&""&$E$1 -> PP0200030005001B | G41: Bagnolo San Vito | H41: Capoluogo | I41: Via Julia 10 | J41: 45.090079, 10.873556 | K41: Bagnolo San Vito (Capoluogo) | L41: Cavo Franzina | O41: di rete | P41: 2198 | Q41: 65 | R41: =P41+Q41 -> 2263 | S41: 5.17 | T41: 3.07 | U41: =T41+S41 -> 8.24 | V41: 77.3 | W41: =MAX(IF(N41="si",R41*1000/86400,R41*750/86400),IF(Q41>=(0.5*P41),(1.5*S41+T41)*2.5,(1.5*S41+T41)*2)) -> 21.65 | X41: =V41/U41 -> 9.381068 | Y41: =IF(V41>W41, "è in grado", "non è in grado") -> è in grado | Z41: =IF(R41>10000, "sottende", "non sottende") -> non sottende | AA41: =V41/W41 -> 3.5704388 | AB41: =IF(R41>10000, "B", IF(AA41>=2, "A", "B")) -> A | AC41: =IF(O41="di testa rete",IF(V41>W41,"SI","NO"),IF(V41>20,IF(V41>(W41+0.001),"SI","NO"),IF(V41<(W41+0.001),"NO",IF(O41="in testa impianto sollevamento","SI",IF(O41="in testa impianto di depurazione",IF(K41="Ponti sul Mincio (Capoluogo)","NO","SI"),"NO"))))) -> SI | AD41: =IF(V41>20, "Si", "No") -> Si | AE41: non occorre | AF41: 51.42 | AG41: 4357 | AH41: 8803 | AI41: =IF(AG41>AH41, "Manufatto limitante", " ") | AJ41: 180.61 | AK41: =((MIN(AG41:AH41))-V41)/AJ41 -> 23.695809 | AL41: =MIN(AG41:AH41)-V41 -> 4279.7 | AM41: Occorre vasca volano | AN41: No | AO41: 46719 | AP41: n° PD / 1957 28/11/2023 | AQ41: TDM | AR41: IN CORSO | AT41: Richiesta in data 31.01.2023
C42: SF-BGN-PIP | D42: PP0200030007 | E42: =D42&""&$E$1 -> PP0200030007001B | G42: Bagnolo San Vito | H42: Capoluogo | I42: Via dell'Artigianato (Area PIP) | J42: 45.08886, 10.861767 | K42: Bagnolo San Vito (Capoluogo) | L42: Fossato Gherardo | M42: pompato | O42: in testa impianto sollevamento | P42: 4 | Q42: 0 | R42: =P42+Q42 -> 4 | S42: 0.01 | T42: 0 | U42: =T42+S42 -> 0.01 | V42: 14 | W42: =MAX(IF(N42="si",R42*1000/86400,R42*750/86400),IF(Q42>=(0.5*P42),(1.5*S42+T42)*2.5,(1.5*S42+T42)*2)) -> 0.034722222 | X42: =V42/U42 -> 1400 | Y42: =IF(V42>W42, "è in grado", "non è in grado") -> è in grado | Z42: =IF(R42>10000, "sottende", "non sottende") -> non sottende | AA42: =V42/W42 -> 403.2 | AB42: =IF(R42>10000, "B", IF(AA42>=2, "A", "B")) -> A | AC42: =IF(O42="di testa rete",IF(V42>W42,"SI","NO"),IF(V42>20,IF(V42>(W42+0.001),"SI","NO"),IF(V42<(W42+0.001),"NO",IF(O42="in testa impianto sollevamento","SI",IF(O42="in testa impianto di depurazione",IF(K42="Ponti sul Mincio (Capoluogo)","NO","SI"),"NO"))))) -> SI | AD42: =IF(V42>20, "Si", "No") -> No | AE42: non occorre | AF42: 3.01 | AG42: 619 | AH42: 405 | AI42: =IF(AG42>AH42, "Manufatto limitante", " ") -> Manufatto limitante | AJ42: 162.43 | AK42: =((MIN(AG42:AH42))-V42)/AJ42 -> 2.4071908 | AL42: =MIN(AG42:AH42)-V42 -> 391 | AM42: Occorre vasca volano | AN42: Si | AO42: 46719 | AP42: n° PD / 1957 28/11/2023 | AQ42: TDM | AR42: IN CORSO | AT42: Richiesta in data 31.01.2023
C43: SF-BGN-ROS | D43: PP0200030004 | E43: =D43&""&$E$1 -> PP0200030004001B | G43: Bagnolo San Vito | H43: San Biagio | I43: Via Rossini | J43: 45.097937, 10.852085 | K43: Bagnolo San Vito (Capoluogo) | L43: Canale Fossetta | O43: in testa impianto sollevamento | P43: 1564 | Q43: 0 | R43: =P43+Q43 -> 1564 | S43: 3.68 | T43: 0 | U43: =T43+S43 -> 3.68 | V43: 40 | W43: =MAX(IF(N43="si",R43*1000/86400,R43*750/86400),IF(Q43>=(0.5*P43),(1.5*S43+T43)*2.5,(1.5*S43+T43)*2)) -> 13.576389 | X43: =V43/U43 -> 10.869565 | Y43: =IF(V43>W43, "è in grado", "non è in grado") -> è in grado | Z43: =IF(R43>10000, "sottende", "non sottende") -> non sottende | AA43: =V43/W43 -> 2.9462916 | AB43: =IF(R43>10000, "B", IF(AA43>=2, "A", "B")) -> A | AC43: =IF(O43="di testa rete",IF(V43>W43,"SI","NO"),IF(V43>20,IF(V43>(W43+0.001),"SI","NO"),IF(V43<(W43+0.001),"NO",IF(O43="in testa impianto sollevamento","SI",IF(O43="in testa impianto di depurazione",IF(K43="Ponti sul Mincio (Capoluogo)","NO","SI"),"NO"))))) -> SI | AD43: =IF(V43>20, "Si", "No") -> Si | AE43: non occorre | AF43: 30.5 | AG43: 2940 | AH43: 5413 | AI43: =IF(AG43>AH43, "Manufatto limitante", " ") | AJ43: 183.15 | AK43: =((MIN(AG43:AH43))-V43)/AJ43 -> 15.834016 | AL43: =MIN(AG43:AH43)-V43 -> 2900 | AM43: Occorre vasca volano | AN43: Si | AO43: 46719 | AP43: n° PD / 1957 28/11/2023 | AQ43: TDM | AR43: IN CORSO | AT43: Richiesta in data 31.01.2023
C44: SF-BGN-ZUC | D44: PP0200030002 | E44: =D44&""&$E$1 -> PP0200030002001B | G44: Bagnolo San Vito | H44: San Biagio | I44: SS.413 Romana Zuccona / Via Aldo Moro | J44: 45.099691, 10.845035 | K44: Bagnolo San Vito (Capoluogo) | L44: Canale Dolcini (tratto intubato) | O44: in testa impianto sollevamento | P44: 526 | Q44: 0 | R44: =P44+Q44 -> 526 | S44: 1.24 | T44: 0 | U44: =T44+S44 -> 1.24 | V44: 15 | W44: =MAX(IF(N44="si",R44*1000/86400,R44*750/86400),IF(Q44>=(0.5*P44),(1.5*S44+T44)*2.5,(1.5*S44+T44)*2)) -> 4.5659722 | X44: =V44/U44 -> 12.096774 | Y44: =IF(V44>W44, "è in grado", "non è in grado") -> è in grado | Z44: =IF(R44>10000, "sottende", "non sottende") -> non sottende | AA44: =V44/W44 -> 3.2851711 | AB44: =IF(R44>10000, "B", IF(AA44>=2, "A", "B")) -> A | AC44: =IF(O44="di testa rete",IF(V44>W44,"SI","NO"),IF(V44>20,IF(V44>(W44+0.001),"SI","NO"),IF(V44<(W44+0.001),"NO",IF(O44="in testa impianto sollevamento","SI",IF(O44="in testa impianto di depurazione",IF(K44="Ponti sul Mincio (Capoluogo)","NO","SI"),"NO"))))) -> SI | AD44: =IF(V44>20, "Si", "No") -> No | AE44: non occorre | AF44: 14.45 | AG44: 1425 | AH44: 3391 | AI44: =IF(AG44>AH44, "Manufatto limitante", " ") | AJ44: 198.85 | AK44: =((MIN(AG44:AH44))-V44)/AJ44 -> 7.0907719 | AL44: =MIN(AG44:AH44)-V44 -> 1410 | AM44: Occorre vasca volano | AN44: Si | AO44: 46719 | AP44: n° PD / 1957 28/11/2023 | AQ44: TDM | AR44: IN CORSO | AT44: Richiesta in data 31.01.2023
C45: SF-BGR-CAD | D45: PP0200570006 | E45: =D45&""&$E$1 -> PP0200570006001B | F45: Ci sono due emissari che scaricano in due punti diversi: nodo 612 scarica in "condotto Casella", mentre il 613 in "condotto di Roncoferraro | G45: San Giorgio Bigarello | H45: Stradella | I45: via Cadè | J45: 45.16726, 10.87581 | K45: Bigarello (Gazzo) | L45: Condotto di Roncoferraro | M45: pompato | O45: in testa impianto sollevamento | P45: 1118 | Q45: 2 | R45: =P45+Q45 -> 1120 | S45: 2.63 | T45: 0.02 | U45: =T45+S45 -> 2.65 | V45: 10 | W45: =MAX(IF(N45="si",R45*1000/86400,R45*750/86400),IF(Q45>=(0.5*P45),(1.5*S45+T45)*2.5,(1.5*S45+T45)*2)) -> 9.7222222 | X45: =V45/U45 -> 3.7735849 | Y45: =IF(V45>W45, "è in grado", "non è in grado") -> è in grado | Z45: =IF(R45>10000, "sottende", "non sottende") -> non sottende | AA45: =V45/W45 -> 1.0285714 | AB45: =IF(R45>10000, "B", IF(AA45>=2, "A", "B")) -> B | AC45: =IF(O45="di testa rete",IF(V45>W45,"SI","NO"),IF(V45>20,IF(V45>(W45+0.001),"SI","NO"),IF(V45<(W45+0.001),"NO",IF(O45="in testa impianto sollevamento","SI",IF(O45="in testa impianto di depurazione",IF(K45="Ponti sul Mincio (Capoluogo)","NO","SI"),"NO"))))) -> SI | AD45: =IF(V45>20, "Si", "No") -> No | AE45: non occorre (AE<2000) | AF45: 4 | AG45: 469 | AH45: 722 | AI45: =IF(AG45>AH45, "Manufatto limitante", " ") | AJ45: 221.86 | AK45: =((MIN(AG45:AH45))-V45)/AJ45 -> 2.0688723 | AL45: =MIN(AG45:AH45)-V45 -> 459 | AM45: Occorre vasca volano | AN45: Si | AO45: 46180 | AP45: PD/633 del 06/06/2022 | AQ45: TDM | AR45: 2044 | AS45: Rep. n°649/2025 del 16/05/2025
C46: SF-BGR-MON | D46: PP0200570007 | E46: =D46&""&$E$1 -> PP0200570007001B | G46: San Giorgio Bigarello | H46: Gazzo | I46: via Montale | J46: 45.18111, 10.89876 | K46: Bigarello (Gazzo) | L46: Cavo San Giorgio | O46: di rete | P46: 153 | Q46: 0 | R46: =P46+Q46 -> 153 | S46: 0.36 | T46: 0 | U46: =T46+S46 -> 0.36 | V46: 21.12 | W46: =MAX(IF(N46="si",R46*1000/86400,R46*750/86400),IF(Q46>=(0.5*P46),(1.5*S46+T46)*2.5,(1.5*S46+T46)*2)) -> 1.328125 | X46: =V46/U46 -> 58.666667 | Y46: =IF(V46>W46, "è in grado", "non è in grado") -> è in grado | Z46: =IF(R46>10000, "sottende", "non sottende") -> non sottende | AA46: =V46/W46 -> 15.902118 | AB46: =IF(R46>10000, "B", IF(AA46>=2, "A", "B")) -> A | AC46: =IF(O46="di testa rete",IF(V46>W46,"SI","NO"),IF(V46>20,IF(V46>(W46+0.001),"SI","NO"),IF(V46<(W46+0.001),"NO",IF(O46="in testa impianto sollevamento","SI",IF(O46="in testa impianto di depurazione",IF(K46="Ponti sul Mincio (Capoluogo)","NO","SI"),"NO"))))) -> SI | AD46: =IF(V46>20, "Si", "No") -> Si | AE46: non occorre | AF46: 4.29 | AG46: 497 | AH46: 344 | AI46: =IF(AG46>AH46, "Manufatto limitante", " ") -> Manufatto limitante | AJ46: 155.76 | AK46: =((MIN(AG46:AH46))-V46)/AJ46 -> 2.0729327 | AL46: =MIN(AG46:AH46)-V46 -> 322.88 | AM46: Occorre vasca volano | AN46: No | AO46: 46180 | AP46: PD/633 del 06/06/2022 | AQ46: Regione Lombardia - SIPIUI | AR46: IN CORSO | AT46: Sospesa per integrazioni mai consegnate - Fatta Domanda a TDM, ma secondo me è SIPIUI
C47: SF-BGV-ALI | D47: PP0200710005 | E47: =D47&""&$E$1 -> PP0200710005001B | G47: Borgo Virgilio | H47: Romanore | I47: Via Alfieri | J47: 45.066492, 10.754150 | K47: Borgo Virgilio (Romanore) | L47: fosso privato-canale Broletto | M47: pompato | O47: in testa impianto sollevamento | P47: 66 | Q47: 29 | R47: =P47+Q47 -> 95 | S47: 0.155 | T47: 3.52 | U47: =T47+S47 -> 3.675 | V47: 9.8 | W47: =MAX(IF(N47="si",R47*1000/86400,R47*750/86400),IF(Q47>=(0.5*P47),(1.5*S47+T47)*2.5,(1.5*S47+T47)*2)) -> 7.505 | X47: =V47/U47 -> 2.6666667 | Y47: =IF(V47>W47, "è in grado", "non è in grado") -> è in grado | Z47: =IF(R47>10000, "sottende", "non sottende") -> non sottende | AA47: =V47/W47 -> 1.3057961 | AB47: =IF(R47>10000, "B", IF(AA47>=2, "A", "B")) -> B | AC47: =IF(O47="di testa rete",IF(V47>W47,"SI","NO"),IF(V47>20,IF(V47>(W47+0.001),"SI","NO"),IF(V47<(W47+0.001),"NO",IF(O47="in testa impianto sollevamento","SI",IF(O47="in testa impianto di depurazione",IF(K47="Ponti sul Mincio (Capoluogo)","NO","SI"),"NO"))))) -> SI | AD47: =IF(V47>20, "Si", "No") -> No | AE47: non occorre | AF47: 21.19 | AG47: 3690 | AH47: 515 | AI47: =IF(AG47>AH47, "Manufatto limitante", " ") -> Manufatto limitante | AJ47: 30.93 | AK47: =((MIN(AG47:AH47))-V47)/AJ47 -> 16.333657 | AL47: =MIN(AG47:AH47)-V47 -> 505.2 | AM47: non occorre | AN47: Si | AO47: 47114 | AP47: Atto dirigenziale n° PD / 892 del 29/05/2024 | AQ47: TDM | AR47: IN CORSO | AT47: Richiesta concessione in data 12/08/2020
C48: SF-BGV-AND | D48: PP0200710021 | E48: =D48&""&$E$1 -> PP0200710021001B | G48: Borgo Virgilio | H48: Andes | I48: Via Parma | J48: 45.1253238, 10.8240113 | K48: Borgo Virgilio (Pietole) | L48: Canale Pietole Vecchio tramite fosso tombato | O48: di rete | P48: 60 | Q48: 0 | R48: =P48+Q48 -> 60 | S48: 0.141 | T48: 0 | U48: =T48+S48 -> 0.141 | V48: 62.56 | W48: =MAX(IF(N48="si",R48*1000/86400,R48*750/86400),IF(Q48>=(0.5*P48),(1.5*S48+T48)*2.5,(1.5*S48+T48)*2)) -> 0.52083333 | X48: =V48/U48 -> 443.68794 | Y48: =IF(V48>W48, "è in grado", "non è in grado") -> è in grado | Z48: =IF(R48>10000, "sottende", "non sottende") -> non sottende | AA48: =V48/W48 -> 120.1152 | AB48: =IF(R48>10000, "B", IF(AA48>=2, "A", "B")) -> A | AC48: =IF(O48="di testa rete",IF(V48>W48,"SI","NO"),IF(V48>20,IF(V48>(W48+0.001),"SI","NO"),IF(V48<(W48+0.001),"NO",IF(O48="in testa impianto sollevamento","SI",IF(O48="in testa impianto di depurazione",IF(K48="Ponti sul Mincio (Capoluogo)","NO","SI"),"NO"))))) -> SI | AD48: =IF(V48>20, "Si", "No") -> Si | AE48: non occorre | AF48: 1.76 | AG48: 180 | AH48: 186 | AI48: =IF(AG48>AH48, "Manufatto limitante", " ") | AJ48: 166.31 | AK48: =((MIN(AG48:AH48))-V48)/AJ48 -> 0.70615116 | AL48: =MIN(AG48:AH48)-V48 -> 117.44 | AM48: Occorre vasca volano | AN48: No | AO48: 46122 | AP48: PD/351 del 30/03/2022 | AQ48: TDM | AR48: IN CORSO | AT48: Richiesta concessione in data 24/03/2022
C49: SF-BGV-ARG | D49: PP0200710010 | E49: =D49&""&$E$1 -> PP0200710010001B | G49: Borgo Virgilio | H49: Boccadiganda | I49: Via Argine Boccadiganda | J49: 45.050094, 10.781015 | K49: Borgo Virgilio (Romanore) | L49: Consorzio Boccadiganda | O49: di rete | P49: 209 | Q49: 0 | R49: =P49+Q49 -> 209 | S49: 0.49 | T49: 0 | U49: =T49+S49 -> 0.49 | V49: 47.84 | W49: =MAX(IF(N49="si",R49*1000/86400,R49*750/86400),IF(Q49>=(0.5*P49),(1.5*S49+T49)*2.5,(1.5*S49+T49)*2)) -> 1.8142361 | X49: =V49/U49 -> 97.632653 | Y49: =IF(V49>W49, "è in grado", "non è in grado") -> è in grado | Z49: =IF(R49>10000, "sottende", "non sottende") -> non sottende | AA49: =V49/W49 -> 26.369225 | AB49: =IF(R49>10000, "B", IF(AA49>=2, "A", "B")) -> A | AC49: =IF(O49="di testa rete",IF(V49>W49,"SI","NO"),IF(V49>20,IF(V49>(W49+0.001),"SI","NO"),IF(V49<(W49+0.001),"NO",IF(O49="in testa impianto sollevamento","SI",IF(O49="in testa impianto di depurazione",IF(K49="Ponti sul Mincio (Capoluogo)","NO","SI"),"NO"))))) -> SI | AD49: =IF(V49>20, "Si", "No") -> Si | AE49: non occorre | AF49: 12.74 | AG49: 1033 | AH49: 77 | AI49: =IF(AG49>AH49, "Manufatto limitante", " ") -> Manufatto limitante | AJ49: 5.48 | AK49: =((MIN(AG49:AH49))-V49)/AJ49 -> 5.3211679 | AL49: =MIN(AG49:AH49)-V49 -> 29.16 | AM49: non occorre | AN49: Si | AO49: 47114 | AP49: Atto dirigenziale n° PD / 892 del 29/05/2024 | AQ49: TDM | AR49: IN CORSO | AT49: Richiesta concessione in data 12/08/2020
C50: SF-BGV-BGF | D50: PP0200710021 | E50: =D50&""&$E$1 -> PP0200710021001B | G50: Borgo Virgilio | H50: Borgoforte | I50: depuratore | J50: 45.0573312, 10.7555558 | K50: Borgo Virgilio (Borgoforte) | L50: fosso tombato-canale di Borgoforte | O50: in testa impianto di depurazione | P50: 940 | Q50: 0 | R50: =P50+Q50 -> 940 | S50: 2.21 | T50: 0 | U50: =T50+S50 -> 2.21 | V50: 16.75 | W50: =MAX(IF(N50="si",R50*1000/86400,R50*750/86400),IF(Q50>=(0.5*P50),(1.5*S50+T50)*2.5,(1.5*S50+T50)*2)) -> 8.1597222 | X50: =V50/U50 -> 7.5791855 | Y50: =IF(V50>W50, "è in grado", "non è in grado") -> è in grado | Z50: =IF(R50>10000, "sottende", "non sottende") -> non sottende | AA50: =V50/W50 -> 2.052766 | AB50: =IF(R50>10000, "B", IF(AA50>=2, "A", "B")) -> A | AC50: =IF(O50="di testa rete",IF(V50>W50,"SI","NO"),IF(V50>20,IF(V50>(W50+0.001),"SI","NO"),IF(V50<(W50+0.001),"NO",IF(O50="in testa impianto sollevamento","SI",IF(O50="in testa impianto di depurazione",IF(K50="Ponti sul Mincio (Capoluogo)","NO","SI"),"NO"))))) -> SI | AD50: =IF(V50>20, "Si", "No") -> No | AE50: Occorre vasca di accumulo o sistema di trattamento (testa impianto) | AF50: 6.2 | AG50: 646 | AH50: 28 | AI50: =IF(AG50>AH50, "Manufatto limitante", " ") -> Manufatto limitante | AJ50: 4.46 | AK50: =((MIN(AG50:AH50))-V50)/AJ50 -> 2.5224215 | AL50: =MIN(AG50:AH50)-V50 -> 11.25 | AM50: non occorre | AN50: No | AO50: 46969 | AP50: n° PD / 376 del 01/03/2024 | AQ50: TDM | AS50: Parere favorevole in attesa di concessione prot. 2631/2023 del 28/07/2023
C51: SF-BGV-BON | D51: PP0200710018 | E51: =D51&""&$E$1 -> PP0200710018001B | G51: Borgo Virgilio | H51: Pietole | I51: via Parma inc. via Bonomi | J51: 45.1145956, 10.818316 | K51: Borgo Virgilio (Pietole) | L51: rete acque meteoriche recapitante al reticolo idrico minore (primo tratto tombato, poi a cielo aperto) afferente a Canale Martinella | M51: tramite condotta meteo | O51: di rete | P51: 11 | Q51: 0 | R51: =P51+Q51 -> 11 | S51: 0.03 | T51: 0 | U51: =T51+S51 -> 0.03 | V51: 21.83 | W51: =MAX(IF(N51="si",R51*1000/86400,R51*750/86400),IF(Q51>=(0.5*P51),(1.5*S51+T51)*2.5,(1.5*S51+T51)*2)) -> 0.095486111 | X51: =V51/U51 -> 727.66667 | Y51: =IF(V51>W51, "è in grado", "non è in grado") -> è in grado | Z51: =IF(R51>10000, "sottende", "non sottende") -> non sottende | AA51: =V51/W51 -> 228.61964 | AB51: =IF(R51>10000, "B", IF(AA51>=2, "A", "B")) -> A | AC51: =IF(O51="di testa rete",IF(V51>W51,"SI","NO"),IF(V51>20,IF(V51>(W51+0.001),"SI","NO"),IF(V51<(W51+0.001),"NO",IF(O51="in testa impianto sollevamento","SI",IF(O51="in testa impianto di depurazione",IF(K51="Ponti sul Mincio (Capoluogo)","NO","SI"),"NO"))))) -> SI | AD51: =IF(V51>20, "Si", "No") -> Si | AE51: non occorre | AF51: 0.32 | AG51: 46 | AH51: 200 | AI51: =IF(AG51>AH51, "Manufatto limitante", " ") | AJ51: 237.79 | AK51: =((MIN(AG51:AH51))-V51)/AJ51 -> 0.10164431 | AL51: =MIN(AG51:AH51)-V51 -> 24.17 | AM51: Occorre vasca volano | AN51: No | AO51: scarica in meteo - NO AUT. | AP51: ATTO DIRIGENZIALE PD/85 del 28/01/2022 | AQ51: n.a. - rete meteorica in fosso afferente | AR51: n.a. | AS51: -
C52: SF-BGV-BUG | D52: PP0200710022 | E52: =D52&""&$E$1 -> PP0200710022001B | G52: Borgo Virgilio | H52: Pietole | I52: Via Bucoliche | J52: 45.1151575, 10.8181343 | K52: Borgo Virgilio (Pietole) | L52: fossato afferente a Canale Fossetta | O52: di rete | P52: 19 | Q52: 0 | R52: =P52+Q52 -> 19 | S52: 0.05 | T52: 0 | U52: =T52+S52 -> 0.05 | V52: 21.28 | W52: =MAX(IF(N52="si",R52*1000/86400,R52*750/86400),IF(Q52>=(0.5*P52),(1.5*S52+T52)*2.5,(1.5*S52+T52)*2)) -> 0.16493056 | X52: =V52/U52 -> 425.6 | Y52: =IF(V52>W52, "è in grado", "non è in grado") -> è in grado | Z52: =IF(R52>10000, "sottende", "non sottende") -> non sottende | AA52: =V52/W52 -> 129.024 | AB52: =IF(R52>10000, "B", IF(AA52>=2, "A", "B")) -> A | AC52: =IF(O52="di testa rete",IF(V52>W52,"SI","NO"),IF(V52>20,IF(V52>(W52+0.001),"SI","NO"),IF(V52<(W52+0.001),"NO",IF(O52="in testa impianto sollevamento","SI",IF(O52="in testa impianto di depurazione",IF(K52="Ponti sul Mincio (Capoluogo)","NO","SI"),"NO"))))) -> SI | AD52: =IF(V52>20, "Si", "No") -> Si | AE52: non occorre | AF52: 0.46 | AG52: 51 | AH52: 88 | AI52: =IF(AG52>AH52, "Manufatto limitante", " ") | AJ52: 175.5 | AK52: =((MIN(AG52:AH52))-V52)/AJ52 -> 0.16934473 | AL52: =MIN(AG52:AH52)-V52 -> 29.72 | AM52: Occorre vasca volano | AN52: No | AO52: 46122 | AP52: PD/351 del 30/03/2022 | AQ52: TDM | AR52: IN CORSO | AT52: Inviata richiesta concessione in data 24/03/2022
C53: SF-BGV-CIS1 | D53: PP0200710016 | E53: =D53&""&$E$1 -> PP0200710016001B | G53: Borgo Virgilio | H53: Cerese | I53: via Cisa opposto a str. Del Corriere | J53: 45.12431, 10.78784 | K53: Mantova | L53: Paiolo Basso | O53: di rete | P53: 1107 | Q53: 0 | R53: =P53+Q53 -> 1107 | S53: 2.6 | T53: 0 | U53: =T53+S53 -> 2.6 | V53: 209.31 | W53: =MAX(IF(N53="si",R53*1000/86400,R53*750/86400),IF(Q53>=(0.5*P53),(1.5*S53+T53)*2.5,(1.5*S53+T53)*2)) -> 9.609375 | X53: =V53/U53 -> 80.503846 | Y53: =IF(V53>W53, "è in grado", "non è in grado") -> è in grado | Z53: =IF(R53>10000, "sottende", "non sottende") -> non sottende | AA53: =V53/W53 -> 21.781854 | AB53: =IF(R53>10000, "B", IF(AA53>=2, "A", "B")) -> A | AC53: =IF(O53="di testa rete",IF(V53>W53,"SI","NO"),IF(V53>20,IF(V53>(W53+0.001),"SI","NO"),IF(V53<(W53+0.001),"NO",IF(O53="in testa impianto sollevamento","SI",IF(O53="in testa impianto di depurazione",IF(K53="Ponti sul Mincio (Capoluogo)","NO","SI"),"NO"))))) -> SI | AD53: =IF(V53>20, "Si", "No") -> Si | AE53: NON occorre vasca di accumulo o sistema di trattamento | AF53: 13.11 | AG53: 1202 | AH53: 4850 | AI53: =IF(AG53>AH53, "Manufatto limitante", " ") | AJ53: 189.94 | AK53: =((MIN(AG53:AH53))-V53)/AJ53 -> 5.2263346 | AL53: =MIN(AG53:AH53)-V53 -> 992.69 | AM53: Occorre vasca volano | AN53: No | AO53: 47217 | AP53: Atto dirigenziale n. PD/572 del 09/04/2025 | AQ53: TDM | AR53: 52597 | AS53: Rep. n° 589/2025 del 18/01/2025
C54: SF-BGV-CIS2 | D54: PP0200710011 | E54: =D54&""&$E$1 -> PP0200710011001B | G54: Borgo Virgilio | H54: Cerese | I54: via Cisa - Gabbiano | J54: 45.12575, 10.78784 | K54: Mantova | L54: Paiolo Basso | O54: in testa impianto sollevamento | P54: 8 | Q54: 0 | R54: =P54+Q54 -> 8 | S54: 0.02 | T54: 0 | U54: =T54+S54 -> 0.02 | V54: 45.71 | W54: =MAX(IF(N54="si",R54*1000/86400,R54*750/86400),IF(Q54>=(0.5*P54),(1.5*S54+T54)*2.5,(1.5*S54+T54)*2)) -> 0.069444444 | X54: =V54/U54 -> 2285.5 | Y54: =IF(V54>W54, "è in grado", "non è in grado") -> è in grado | Z54: =IF(R54>10000, "sottende", "non sottende") -> non sottende | AA54: =V54/W54 -> 658.224 | AB54: =IF(R54>10000, "B", IF(AA54>=2, "A", "B")) -> A | AC54: =IF(O54="di testa rete",IF(V54>W54,"SI","NO"),IF(V54>20,IF(V54>(W54+0.001),"SI","NO"),IF(V54<(W54+0.001),"NO",IF(O54="in testa impianto sollevamento","SI",IF(O54="in testa impianto di depurazione",IF(K54="Ponti sul Mincio (Capoluogo)","NO","SI"),"NO"))))) -> SI | AD54: =IF(V54>20, "Si", "No") -> Si | AE54: non occorre | AF54: 1.27 | AG54: 283 | AH54: 2160 | AI54: =IF(AG54>AH54, "Manufatto limitante", " ") | AJ54: 271.77 | AK54: =((MIN(AG54:AH54))-V54)/AJ54 -> 0.87312801 | AL54: =MIN(AG54:AH54)-V54 -> 237.29 | AM54: Occorre vasca volano | AN54: Si | AO54: 47217 | AP54: Atto dirigenziale n. PD/576 del 09/04/2025 | AQ54: TDM | AR54: 52597 | AS54: Rep. n° 589/2025 del 18/01/2025
C55: SF-BGV-CIS3 | D55: PP0200710014 | E55: =D55&""&$E$1 -> PP0200710014001B | G55: Borgo Virgilio | H55: Cerese | I55: via Cisa ex trony | J55: 45.12576, 10.78866 | K55: Mantova | L55: Paiolo Basso | O55: di rete | P55: 10013 | Q55: 24 | R55: =P55+Q55 -> 10037 | S55: 23.55 | T55: 0.38 | U55: =T55+S55 -> 23.93 | V55: 182.81 | W55: =MAX(IF(N55="si",R55*1000/86400,R55*750/86400),IF(Q55>=(0.5*P55),(1.5*S55+T55)*2.5,(1.5*S55+T55)*2)) -> 87.126736 | X55: =V55/U55 -> 7.6393648 | Y55: =IF(V55>W55, "è in grado", "non è in grado") -> è in grado | Z55: =IF(R55>10000, "sottende", "non sottende") -> sottende | AA55: =V55/W55 -> 2.0982078 | AB55: =IF(R55>10000, "B", IF(AA55>=2, "A", "B")) -> B | AC55: =IF(O55="di testa rete",IF(V55>W55,"SI","NO"),IF(V55>20,IF(V55>(W55+0.001),"SI","NO"),IF(V55<(W55+0.001),"NO",IF(O55="in testa impianto sollevamento","SI",IF(O55="in testa impianto di depurazione",IF(K55="Ponti sul Mincio (Capoluogo)","NO","SI"),"NO"))))) -> SI | AD55: =IF(V55>20, "Si", "No") -> Si | AE55: Occorre vasca di accumulo o sistema di trattamento | AF55: 107.63 | AG55: 8076 | AH55: 1663 | AI55: =IF(AG55>AH55, "Manufatto limitante", " ") -> Manufatto limitante | AJ55: 29.08 | AK55: =((MIN(AG55:AH55))-V55)/AJ55 -> 50.900619 | AL55: =MIN(AG55:AH55)-V55 -> 1480.19 | AM55: non occorre | AN55: Si | AO55: 47217 | AP55: Atto dirigenziale n. PD/579 del 09/04/2025 | AQ55: TDM | AR55: 52597 | AS55: Rep. n° 589/2025 del 18/01/2025
C56: SF-BGV-COR | D56: PP0200710015 | E56: =D56&""&$E$1 -> PP0200710015001B | G56: Borgo Virgilio | H56: Cerese | I56: via del Corriere | J56: 45.12432, 10.78924 | K56: Mantova | L56: Paiolo Basso | O56: di rete | P56: 429 | Q56: 0 | R56: =P56+Q56 -> 429 | S56: 1.01 | T56: 0 | U56: =T56+S56 -> 1.01 | V56: 609.18 | W56: =MAX(IF(N56="si",R56*1000/86400,R56*750/86400),IF(Q56>=(0.5*P56),(1.5*S56+T56)*2.5,(1.5*S56+T56)*2)) -> 3.7239583 | X56: =V56/U56 -> 603.14851 | Y56: =IF(V56>W56, "è in grado", "non è in grado") -> è in grado | Z56: =IF(R56>10000, "sottende", "non sottende") -> non sottende | AA56: =V56/W56 -> 163.584 | AB56: =IF(R56>10000, "B", IF(AA56>=2, "A", "B")) -> A | AC56: =IF(O56="di testa rete",IF(V56>W56,"SI","NO"),IF(V56>20,IF(V56>(W56+0.001),"SI","NO"),IF(V56<(W56+0.001),"NO",IF(O56="in testa impianto sollevamento","SI",IF(O56="in testa impianto di depurazione",IF(K56="Ponti sul Mincio (Capoluogo)","NO","SI"),"NO"))))) -> SI | AD56: =IF(V56>20, "Si", "No") -> Si | AE56: non occorre | AF56: 5.74 | AG56: 729 | AH56: 1132 | AI56: =IF(AG56>AH56, "Manufatto limitante", " ") | AJ56: 37.86 | AK56: =((MIN(AG56:AH56))-V56)/AJ56 -> 3.1648177 | AL56: =MIN(AG56:AH56)-V56 -> 119.82 | AM56: non occorre | AN56: No | AO56: 47217 | AP56: Atto dirigenziale n. PD/575 del 09/04/2025 | AQ56: TDM | AR56: 52597 | AS56: Rep. n° 589/2025 del 18/01/2025
C57: SF-BGV-EST | D57: PP0200710012 | E57: =D57&""&$E$1 -> PP0200710012001B | G57: Borgo Virgilio | H57: Cappelletta | I57: via I. d'Este / via Cisa | J57: 45.10312, 10.77724 | K57: Mantova | L57: Paiolo Basso | O57: di rete | P57: 125 | Q57: 0 | R57: =P57+Q57 -> 125 | S57: 0.29 | T57: 0 | U57: =T57+S57 -> 0.29 | V57: 51 | W57: =MAX(IF(N57="si",R57*1000/86400,R57*750/86400),IF(Q57>=(0.5*P57),(1.5*S57+T57)*2.5,(1.5*S57+T57)*2)) -> 1.0850694 | X57: =V57/U57 -> 175.86207 | Y57: =IF(V57>W57, "è in grado", "non è in grado") -> è in grado | Z57: =IF(R57>10000, "sottende", "non sottende") -> non sottende | AA57: =V57/W57 -> 47.0016 | AB57: =IF(R57>10000, "B", IF(AA57>=2, "A", "B")) -> A | AC57: =IF(O57="di testa rete",IF(V57>W57,"SI","NO"),IF(V57>20,IF(V57>(W57+0.001),"SI","NO"),IF(V57<(W57+0.001),"NO",IF(O57="in testa impianto sollevamento","SI",IF(O57="in testa impianto di depurazione",IF(K57="Ponti sul Mincio (Capoluogo)","NO","SI"),"NO"))))) -> SI | AD57: =IF(V57>20, "Si", "No") -> Si | AE57: non occorre | AF57: 3.32 | AG57: 307 | AH57: 1092 | AI57: =IF(AG57>AH57, "Manufatto limitante", " ") | AJ57: 204.73 | AK57: =((MIN(AG57:AH57))-V57)/AJ57 -> 1.2504274 | AL57: =MIN(AG57:AH57)-V57 -> 256 | AM57: Occorre vasca volano | AN57: No | AO57: 47217 | AP57: Atto dirigenziale n. PD/574 del 09/04/2025 | AQ57: fosso privato afferente canale consortile - n.a. | AR57: n.a. | AS57: -
C58: SF-BGV-FIA | D58: PP0200710013 | E58: =D58&""&$E$1 -> PP0200710013001B | G58: Borgo Virgilio | H58: Cerese | I58: via Fiaccadori | J58: 45.1115, 10.78961 | K58: Mantova | L58: Fossato | O58: di rete | P58: 204 | Q58: 0 | R58: =P58+Q58 -> 204 | S58: 0.48 | T58: 0 | U58: =T58+S58 -> 0.48 | V58: 97 | W58: =MAX(IF(N58="si",R58*1000/86400,R58*750/86400),IF(Q58>=(0.5*P58),(1.5*S58+T58)*2.5,(1.5*S58+T58)*2)) -> 1.7708333 | X58: =V58/U58 -> 202.08333 | Y58: =IF(V58>W58, "è in grado", "non è in grado") -> è in grado | Z58: =IF(R58>10000, "sottende", "non sottende") -> non sottende | AA58: =V58/W58 -> 54.776471 | AB58: =IF(R58>10000, "B", IF(AA58>=2, "A", "B")) -> A | AC58: =IF(O58="di testa rete",IF(V58>W58,"SI","NO"),IF(V58>20,IF(V58>(W58+0.001),"SI","NO"),IF(V58<(W58+0.001),"NO",IF(O58="in testa impianto sollevamento","SI",IF(O58="in testa impianto di depurazione",IF(K58="Ponti sul Mincio (Capoluogo)","NO","SI"),"NO"))))) -> SI | AD58: =IF(V58>20, "Si", "No") -> Si | AE58: non occorre | AF58: 4.25 | AG58: 489 | AH58: 3470 | AI58: =IF(AG58>AH58, "Manufatto limitante", " ") | AJ58: 184.54 | AK58: =((MIN(AG58:AH58))-V58)/AJ58 -> 2.1242007 | AL58: =MIN(AG58:AH58)-V58 -> 392 | AM58: Occorre vasca volano | AN58: No | AO58: 47217 | AP58: Atto dirigenziale n.PD/573 del 09/04/2025. | AQ58: fosso privato afferente canale consortile - n.a. | AR58: n.a. | AS58: -
C59: SF-BGV-FOS | D59: PP0200710001 | E59: =D59&""&$E$1 -> PP0200710001001B | F59: Sfioro adeguato a febbraio 2024 | G59: Borgo Virgilio | H59: Borgoforte | I59: via Foscolo (inc. via Parmense) | J59: 45.0538361, 10.7524464 | K59: Borgo Virgilio (Borgoforte) | L59: Linea meteorica via Parmense | M59: tramite condotta meteo | O59: di rete | P59: 25 | Q59: 0 | R59: =P59+Q59 -> 25 | S59: 0.06 | T59: 0 | U59: =T59+S59 -> 0.06 | V59: 133.7 | W59: =MAX(IF(N59="si",R59*1000/86400,R59*750/86400),IF(Q59>=(0.5*P59),(1.5*S59+T59)*2.5,(1.5*S59+T59)*2)) -> 0.21701389 | X59: =V59/U59 -> 2228.3333 | Y59: =IF(V59>W59, "è in grado", "non è in grado") -> è in grado | Z59: =IF(R59>10000, "sottende", "non sottende") -> non sottende | AA59: =V59/W59 -> 616.0896 | AB59: =IF(R59>10000, "B", IF(AA59>=2, "A", "B")) -> A | AC59: =IF(O59="di testa rete",IF(V59>W59,"SI","NO"),IF(V59>20,IF(V59>(W59+0.001),"SI","NO"),IF(V59<(W59+0.001),"NO",IF(O59="in testa impianto sollevamento","SI",IF(O59="in testa impianto di depurazione",IF(K59="Ponti sul Mincio (Capoluogo)","NO","SI"),"NO"))))) -> SI | AD59: =IF(V59>20, "Si", "No") -> Si | AE59: non occorre | AF59: 1.56 | AG59: 124 | AH59: 187 | AI59: =IF(AG59>AH59, "Manufatto limitante", " ") | AJ59: 260.82 | AK59: =((MIN(AG59:AH59))-V59)/AJ59 -> -0.0371904 | AL59: =MIN(AG59:AH59)-V59 -> -9.7 | AM59: Occorre vasca volano | AN59: No | AO59: 46969 | AP59: n° PD / 376 del 01/03/2024 | AQ59: n.a. - rete meteorica in fosso afferente | AR59: n.a. | AS59: Parere favorevole in attesa di concessione prot. 2631/2023 del 28/07/2023
C60: SF-BGV-NOV1 | D60: PP0200710020 | E60: =D60&""&$E$1 -> PP0200710020001B | G60: Borgo Virgilio | H60: Pietole | I60: Via IV novembre, inc. via Parma | J60: 45.1129161, 10.8184817 | K60: Borgo Virgilio (Pietole) | L60: fossato afferente a Canale Fossetta | O60: di rete | P60: 258 | Q60: 0 | R60: =P60+Q60 -> 258 | S60: 0.61 | T60: 0 | U60: =T60+S60 -> 0.61 | V60: 21.75 | W60: =MAX(IF(N60="si",R60*1000/86400,R60*750/86400),IF(Q60>=(0.5*P60),(1.5*S60+T60)*2.5,(1.5*S60+T60)*2)) -> 2.2395833 | X60: =V60/U60 -> 35.655738 | Y60: =IF(V60>W60, "è in grado", "non è in grado") -> è in grado | Z60: =IF(R60>10000, "sottende", "non sottende") -> non sottende | AA60: =V60/W60 -> 9.7116279 | AB60: =IF(R60>10000, "B", IF(AA60>=2, "A", "B")) -> A | AC60: =IF(O60="di testa rete",IF(V60>W60,"SI","NO"),IF(V60>20,IF(V60>(W60+0.001),"SI","NO"),IF(V60<(W60+0.001),"NO",IF(O60="in testa impianto sollevamento","SI",IF(O60="in testa impianto di depurazione",IF(K60="Ponti sul Mincio (Capoluogo)","NO","SI"),"NO"))))) -> SI | AD60: =IF(V60>20, "Si", "No") -> Si | AE60: non occorre | AF60: 8.36 | AG60: 729 | AH60: 609 | AI60: =IF(AG60>AH60, "Manufatto limitante", " ") -> Manufatto limitante | AJ60: 168.67 | AK60: =((MIN(AG60:AH60))-V60)/AJ60 -> 3.4816506 | AL60: =MIN(AG60:AH60)-V60 -> 587.25 | AM60: Occorre vasca volano | AN60: No | AO60: 46122 | AP60: PD/351 del 30/03/2022 | AQ60: TDM | AR60: IN CORSO | AT60: Richiesta concessione in data 24/03/2022
C61: SF-BGV-NOV2 | D61: PP0200710019 | E61: =D61&""&$E$1 -> PP0200710019001B | G61: Borgo Virgilio | H61: Pietole | I61: Via IV novembre, inc. via Parma | J61: 45.1130458, 10.8179328 | K61: Borgo Virgilio (Pietole) | L61: fossato afferente a Canale Fossetta | O61: di rete | P61: 83 | Q61: 0 | R61: =P61+Q61 -> 83 | S61: 0.2 | T61: 0 | U61: =T61+S61 -> 0.2 | V61: 20.65 | W61: =MAX(IF(N61="si",R61*1000/86400,R61*750/86400),IF(Q61>=(0.5*P61),(1.5*S61+T61)*2.5,(1.5*S61+T61)*2)) -> 0.72048611 | X61: =V61/U61 -> 103.25 | Y61: =IF(V61>W61, "è in grado", "non è in grado") -> è in grado | Z61: =IF(R61>10000, "sottende", "non sottende") -> non sottende | AA61: =V61/W61 -> 28.661205 | AB61: =IF(R61>10000, "B", IF(AA61>=2, "A", "B")) -> A | AC61: =IF(O61="di testa rete",IF(V61>W61,"SI","NO"),IF(V61>20,IF(V61>(W61+0.001),"SI","NO"),IF(V61<(W61+0.001),"NO",IF(O61="in testa impianto sollevamento","SI",IF(O61="in testa impianto di depurazione",IF(K61="Ponti sul Mincio (Capoluogo)","NO","SI"),"NO"))))) -> SI | AD61: =IF(V61>20, "Si", "No") -> Si | AE61: non occorre | AF61: 0.53 | AG61: 72 | AH61: 284 | AI61: =IF(AG61>AH61, "Manufatto limitante", " ") | AJ61: 201.83 | AK61: =((MIN(AG61:AH61))-V61)/AJ61 -> 0.25442204 | AL61: =MIN(AG61:AH61)-V61 -> 51.35 | AM61: Occorre vasca volano | AN61: No | AO61: 46122 | AP61: PD/351 del 30/03/2022 | AQ61: TDM | AR61: IN CORSO | AT61: Richiesta concessione in data 24/03/2022
C62: SF-BGV-PAR | D62: PP0200710008 | E62: =D62&""&$E$1 -> PP0200710008001B | G62: Borgo Virgilio | H62: San Cataldo | I62: via Parini (inc.via Romanore) | J62: 45.070724, 10.782589 | K62: Borgo Virgilio (Romanore) | L62: Cappelletta | O62: in testa impianto sollevamento | P62: 656 | Q62: 0 | R62: =P62+Q62 -> 656 | S62: 1.54 | T62: 0 | U62: =T62+S62 -> 1.54 | V62: 6.55 | W62: =MAX(IF(N62="si",R62*1000/86400,R62*750/86400),IF(Q62>=(0.5*P62),(1.5*S62+T62)*2.5,(1.5*S62+T62)*2)) -> 5.6944444 | X62: =V62/U62 -> 4.2532468 | Y62: =IF(V62>W62, "è in grado", "non è in grado") -> è in grado | Z62: =IF(R62>10000, "sottende", "non sottende") -> non sottende | AA62: =V62/W62 -> 1.1502439 | AB62: =IF(R62>10000, "B", IF(AA62>=2, "A", "B")) -> B | AC62: =IF(O62="di testa rete",IF(V62>W62,"SI","NO"),IF(V62>20,IF(V62>(W62+0.001),"SI","NO"),IF(V62<(W62+0.001),"NO",IF(O62="in testa impianto sollevamento","SI",IF(O62="in testa impianto di depurazione",IF(K62="Ponti sul Mincio (Capoluogo)","NO","SI"),"NO"))))) -> SI | AD62: =IF(V62>20, "Si", "No") -> No | AE62: Occorre vasca di accumulo o sistema di trattamento | AF62: 13.84 | AG62: 999 | AH62: 653 | AI62: =IF(AG62>AH62, "Manufatto limitante", " ") -> Manufatto limitante | AJ62: 123.94 | AK62: =((MIN(AG62:AH62))-V62)/AJ62 -> 5.2158302 | AL62: =MIN(AG62:AH62)-V62 -> 646.45 | AM62: Occorre vasca volano | AN62: No | AO62: 47114 | AP62: Atto dirigenziale n° PD / 892 del 29/05/2024 | AQ62: TDM | AR62: IN CORSO | AT62: Richiesta concessione in data 12/08/2020
C63: SF-BGV-PAR1 | D63: PP0200710002 | E63: =D63&""&$E$1 -> PP0200710002001B | G63: Borgo Virgilio | H63: Borgoforte | I63: via Parmense | J63: 45.0535247, 10.7520495 | K63: Borgo Virgilio (Borgoforte) | L63: fosso tombato-canale di Borgoforte | O63: di rete | P63: 656 | Q63: 0 | R63: =P63+Q63 -> 656 | S63: 1.54 | T63: 0 | U63: =T63+S63 -> 1.54 | V63: 109.75 | W63: =MAX(IF(N63="si",R63*1000/86400,R63*750/86400),IF(Q63>=(0.5*P63),(1.5*S63+T63)*2.5,(1.5*S63+T63)*2)) -> 5.6944444 | X63: =V63/U63 -> 71.266234 | Y63: =IF(V63>W63, "è in grado", "non è in grado") -> è in grado | Z63: =IF(R63>10000, "sottende", "non sottende") -> non sottende | AA63: =V63/W63 -> 19.273171 | AB63: =IF(R63>10000, "B", IF(AA63>=2, "A", "B")) -> A | AC63: =IF(O63="di testa rete",IF(V63>W63,"SI","NO"),IF(V63>20,IF(V63>(W63+0.001),"SI","NO"),IF(V63<(W63+0.001),"NO",IF(O63="in testa impianto sollevamento","SI",IF(O63="in testa impianto di depurazione",IF(K63="Ponti sul Mincio (Capoluogo)","NO","SI"),"NO"))))) -> SI | AD63: =IF(V63>20, "Si", "No") -> Si | AE63: non occorre | AF63: 24.54 | AG63: 1871 | AH63: 1736 | AI63: =IF(AG63>AH63, "Manufatto limitante", " ") -> Manufatto limitante | AJ63: 140.27 | AK63: =((MIN(AG63:AH63))-V63)/AJ63 -> 11.593712 | AL63: =MIN(AG63:AH63)-V63 -> 1626.25 | AM63: Occorre vasca volano | AN63: No | AO63: 46969 | AP63: n° PD / 376 del 01/03/2024 | AQ63: TDM | AS63: Parere favorevole in attesa di concessione prot. 2631/2023 del 28/07/2023
C64: SF-BGV-PARP | D64: PP0200710017 | E64: =D64&""&$E$1 -> PP0200710017001B | G64: Borgo Virgilio | H64: Pietole | I64: Via Parma | J64: 45.1123729, 10.8174216 | K64: Borgo Virgilio (Pietole) | L64: fossato afferente a Canale Fossetta | O64: in testa impianto sollevamento | P64: 68 | Q64: 0 | R64: =P64+Q64 -> 68 | S64: 0.16 | T64: 0 | U64: =T64+S64 -> 0.16 | V64: 12.85 | W64: =MAX(IF(N64="si",R64*1000/86400,R64*750/86400),IF(Q64>=(0.5*P64),(1.5*S64+T64)*2.5,(1.5*S64+T64)*2)) -> 0.59027778 | X64: =V64/U64 -> 80.3125 | Y64: =IF(V64>W64, "è in grado", "non è in grado") -> è in grado | Z64: =IF(R64>10000, "sottende", "non sottende") -> non sottende | AA64: =V64/W64 -> 21.769412 | AB64: =IF(R64>10000, "B", IF(AA64>=2, "A", "B")) -> A | AC64: =IF(O64="di testa rete",IF(V64>W64,"SI","NO"),IF(V64>20,IF(V64>(W64+0.001),"SI","NO"),IF(V64<(W64+0.001),"NO",IF(O64="in testa impianto sollevamento","SI",IF(O64="in testa impianto di depurazione",IF(K64="Ponti sul Mincio (Capoluogo)","NO","SI"),"NO"))))) -> SI | AD64: =IF(V64>20, "Si", "No") -> No | AE64: non occorre | AF64: 1.73 | AG64: 181 | AH64: 150 | AI64: =IF(AG64>AH64, "Manufatto limitante", " ") -> Manufatto limitante | AJ64: 175.66 | AK64: =((MIN(AG64:AH64))-V64)/AJ64 -> 0.78076967 | AL64: =MIN(AG64:AH64)-V64 -> 137.15 | AM64: Occorre vasca volano | AN64: No | AO64: 46122 | AP64: PD/351 del 30/03/2022 | AQ64: TDM | AR64: IN CORSO | AT64: Richiesta concessione in data 24/03/2022
C65: SF-BGV-PRI | D65: PP0200710003 | E65: =D65&""&$E$1 -> PP0200710003001B | G65: Borgo Virgilio | H65: Borgoforte | I65: via Parmense | J65: 45.0543833, 10.752703 | K65: Borgo Virgilio (Borgoforte) | L65: Linea meteorica via Parmense | M65: tramite condotta meteo | O65: di rete | P65: 6 | Q65: 0 | R65: =P65+Q65 -> 6 | S65: 0.01 | T65: 0 | U65: =T65+S65 -> 0.01 | V65: 121.17 | W65: =MAX(IF(N65="si",R65*1000/86400,R65*750/86400),IF(Q65>=(0.5*P65),(1.5*S65+T65)*2.5,(1.5*S65+T65)*2)) -> 0.052083333 | X65: =V65/U65 -> 12117 | Y65: =IF(V65>W65, "è in grado", "non è in grado") -> è in grado | Z65: =IF(R65>10000, "sottende", "non sottende") -> non sottende | AA65: =V65/W65 -> 2326.464 | AB65: =IF(R65>10000, "B", IF(AA65>=2, "A", "B")) -> A | AC65: =IF(O65="di testa rete",IF(V65>W65,"SI","NO"),IF(V65>20,IF(V65>(W65+0.001),"SI","NO"),IF(V65<(W65+0.001),"NO",IF(O65="in testa impianto sollevamento","SI",IF(O65="in testa impianto di depurazione",IF(K65="Ponti sul Mincio (Capoluogo)","NO","SI"),"NO"))))) -> SI | AD65: =IF(V65>20, "Si", "No") -> Si | AE65: non occorre | AF65: 0.51 | AG65: 58 | AH65: 58 | AI65: =IF(AG65>AH65, "Manufatto limitante", " ") | AJ65: 0 | AK65: 0.2 | AL65: =MIN(AG65:AH65)-V65 -> -63.17 | AM65: non occorre | AN65: No | AO65: 46969 | AP65: n° PD / 376 del 01/03/2024 | AQ65: n.a. - rete meteorica in fosso afferente | AR65: n.a. | AS65: Parere favorevole in attesa di concessione prot. 2631/2023 del 28/07/2023
C66: SF-BGV-ROM | D66: PP0200710006 | E66: =D66&""&$E$1 -> PP0200710006001B | G66: Borgo Virgilio | H66: Romanore | I66: Adiacente al cimitero di Romanore | J66: 45.070553, 10.763577 | K66: Borgo Virgilio (Romanore) | L66: canale Romanore | M66: pompato | O66: in testa impianto di depurazione | P66: 1637 | Q66: 103 | R66: =P66+Q66 -> 1740 | S66: 3.85 | T66: 6.22 | U66: =T66+S66 -> 10.07 | V66: 29 | W66: =MAX(IF(N66="si",R66*1000/86400,R66*750/86400),IF(Q66>=(0.5*P66),(1.5*S66+T66)*2.5,(1.5*S66+T66)*2)) -> 23.99 | X66: =V66/U66 -> 2.8798411 | Y66: =IF(V66>W66, "è in grado", "non è in grado") -> è in grado | Z66: =IF(R66>10000, "sottende", "non sottende") -> non sottende | AA66: =V66/W66 -> 1.208837 | AB66: =IF(R66>10000, "B", IF(AA66>=2, "A", "B")) -> B | AC66: =IF(O66="di testa rete",IF(V66>W66,"SI","NO"),IF(V66>20,IF(V66>(W66+0.001),"SI","NO"),IF(V66<(W66+0.001),"NO",IF(O66="in testa impianto sollevamento","SI",IF(O66="in testa impianto di depurazione",IF(K66="Ponti sul Mincio (Capoluogo)","NO","SI"),"NO"))))) -> SI | AD66: =IF(V66>20, "Si", "No") -> Si | AE66: Occorre vasca di accumulo o sistema di trattamento (testa impianto) | AF66: 73.7 | AG66: 5097 | AH66: 972 | AI66: =IF(AG66>AH66, "Manufatto limitante", " ") -> Manufatto limitante | AJ66: 23.86 | AK66: =((MIN(AG66:AH66))-V66)/AJ66 -> 39.522213 | AL66: =MIN(AG66:AH66)-V66 -> 943 | AM66: non occorre | AN66: Si | AO66: 47114 | AP66: Atto dirigenziale n° PD / 892 del 29/05/2024 | AQ66: TDM | AR66: IN CORSO | AT66: Richiesta concessione in data 12/08/2020
C67: SF-BGV-STA | D67: PP0200710004 | E67: =D67&""&$E$1 -> PP0200710004001B | F67: le acque “sfiorate” vengono convogliate in una linea meteorica che corre lungo la SS 62 il cui punto di recapito finale si trova a circa 500m a valle del manufatto in esame. | G67: Borgo Virgilio | H67: Romanore | I67: Strada Stazione | J67: 45.063154, 10.756441 | K67: Borgo Virgilio (Romanore) | L67: Linea bianca lungo SS 62 | M67: tramite condotta meteo | O67: di rete | P67: 201 | Q67: 1 | R67: =P67+Q67 -> 202 | S67: 0.47 | T67: 0.01 | U67: =T67+S67 -> 0.48 | V67: 45.4 | W67: =MAX(IF(N67="si",R67*1000/86400,R67*750/86400),IF(Q67>=(0.5*P67),(1.5*S67+T67)*2.5,(1.5*S67+T67)*2)) -> 1.7534722 | X67: =V67/U67 -> 94.583333 | Y67: =IF(V67>W67, "è in grado", "non è in grado") -> è in grado | Z67: =IF(R67>10000, "sottende", "non sottende") -> non sottende | AA67: =V67/W67 -> 25.891485 | AB67: =IF(R67>10000, "B", IF(AA67>=2, "A", "B")) -> A | AC67: =IF(O67="di testa rete",IF(V67>W67,"SI","NO"),IF(V67>20,IF(V67>(W67+0.001),"SI","NO"),IF(V67<(W67+0.001),"NO",IF(O67="in testa impianto sollevamento","SI",IF(O67="in testa impianto di depurazione",IF(K67="Ponti sul Mincio (Capoluogo)","NO","SI"),"NO"))))) -> SI | AD67: =IF(V67>20, "Si", "No") -> Si | AE67: non occorre | AF67: 9.24 | AG67: 1024 | AH67: 1260 | AI67: =IF(AG67>AH67, "Manufatto limitante", " ") | AJ67: 220.03 | AK67: =((MIN(AG67:AH67))-V67)/AJ67 -> 4.4475753 | AL67: =MIN(AG67:AH67)-V67 -> 978.6 | AM67: Occorre vasca volano | AN67: No | AO67: 47114 | AP67: Atto dirigenziale n° PD / 892 del 29/05/2024 | AQ67: fosso privato afferente canale consortile - n.a. | AR67: IN CORSO | AT67: Richiesta concessione in data 12/08/2020
C68: SF-BGV-VER | D68: PP0200710007 | E68: =D68&""&$E$1 -> PP0200710007001B | G68: Borgo Virgilio | H68: Romanore | I68: Via G. Verga | J68: 45.082097, 10.770873 | K68: Borgo Virgilio (Romanore) | L68: canale Cappelletta | O68: di rete | P68: 33 | Q68: 0 | R68: =P68+Q68 -> 33 | S68: 0.08 | T68: 0 | U68: =T68+S68 -> 0.08 | V68: 20.84 | W68: =MAX(IF(N68="si",R68*1000/86400,R68*750/86400),IF(Q68>=(0.5*P68),(1.5*S68+T68)*2.5,(1.5*S68+T68)*2)) -> 0.28645833 | X68: =V68/U68 -> 260.5 | Y68: =IF(V68>W68, "è in grado", "non è in grado") -> è in grado | Z68: =IF(R68>10000, "sottende", "non sottende") -> non sottende | AA68: =V68/W68 -> 72.750545 | AB68: =IF(R68>10000, "B", IF(AA68>=2, "A", "B")) -> A | AC68: =IF(O68="di testa rete",IF(V68>W68,"SI","NO"),IF(V68>20,IF(V68>(W68+0.001),"SI","NO"),IF(V68<(W68+0.001),"NO",IF(O68="in testa impianto sollevamento","SI",IF(O68="in testa impianto di depurazione",IF(K68="Ponti sul Mincio (Capoluogo)","NO","SI"),"NO"))))) -> SI | AD68: =IF(V68>20, "Si", "No") -> Si | AE68: non occorre | AF68: 7.74 | AG68: 1172 | AH68: 366 | AI68: =IF(AG68>AH68, "Manufatto limitante", " ") -> Manufatto limitante | AJ68: 56.66 | AK68: =((MIN(AG68:AH68))-V68)/AJ68 -> 6.0917755 | AL68: =MIN(AG68:AH68)-V68 -> 345.16 | AM68: Occorre vasca volano | AN68: Si | AO68: 47114 | AP68: Atto dirigenziale n° PD / 892 del 29/05/2024 | AQ68: TDM | AR68: IN CORSO | AT68: Richiesta concessione in data 12/08/2020
C69: SF-BZZ-ARI1 | D69: PP0200070001 | E69: =D69&""&$E$1 -> PP0200070001001B | G69: Bozzolo | H69: Capoluogo | I69: Fuori ambito stradale | J69: 45.1080887, 10.479137 | K69: Bozzolo (capoluogo) | L69: Canale ferrovia | O69: di rete | P69: 2143 | Q69: 14 | R69: =P69+Q69 -> 2157 | S69: 5.04 | T69: 0.12 | U69: =T69+S69 -> 5.16 | V69: 20.16 | W69: =MAX(IF(N69="si",R69*1000/86400,R69*750/86400),IF(Q69>=(0.5*P69),(1.5*S69+T69)*2.5,(1.5*S69+T69)*2)) -> 18.723958 | X69: =V69/U69 -> 3.9069767 | Y69: =IF(V69>W69, "è in grado", "non è in grado") -> è in grado | Z69: =IF(R69>10000, "sottende", "non sottende") -> non sottende | AA69: =V69/W69 -> 1.0766954 | AB69: =IF(R69>10000, "B", IF(AA69>=2, "A", "B")) -> B | AC69: =IF(O69="di testa rete",IF(V69>W69,"SI","NO"),IF(V69>20,IF(V69>(W69+0.001),"SI","NO"),IF(V69<(W69+0.001),"NO",IF(O69="in testa impianto sollevamento","SI",IF(O69="in testa impianto di depurazione",IF(K69="Ponti sul Mincio (Capoluogo)","NO","SI"),"NO"))))) -> SI | AD69: =IF(V69>20, "Si", "No") -> Si | AE69: Occorre vasca di accumulo o sistema di trattamento | AF69: 0 | AG69: 80 | AH69: 99 | AI69: =IF(AG69>AH69, "Manufatto limitante", " ") | AJ69: 0 | AK69: =((MIN(AG69:AH69))-V69)/AJ69 -> #DIV/0! | AL69: =MIN(AG69:AH69)-V69 -> 59.84 | AM69: non occorre | AN69: No | AO69: 46147 | AP69: PD/497 del 05/05/2022 | AQ69: Navarolo-Agro Cremonese Mantovano | AR69: 51501 | AS69: N°1948 del 18/09/2024
C70: SF-BZZ-ARI2 | D70: PP0200070006 | E70: =D70&""&$E$1 -> PP0200070006001B | G70: Bozzolo | H70: Capoluogo | I70: Fuori ambito stradale | J70: 45.1080455, 10.4792108 | K70: Bozzolo (capoluogo) | L70: Canale ferrovia | O70: di rete | P70: 153 | Q70: 0 | R70: =P70+Q70 -> 153 | S70: 0.36 | T70: 0 | U70: =T70+S70 -> 0.36 | V70: 20.16 | W70: =MAX(IF(N70="si",R70*1000/86400,R70*750/86400),IF(Q70>=(0.5*P70),(1.5*S70+T70)*2.5,(1.5*S70+T70)*2)) -> 1.328125 | X70: =V70/U70 -> 56 | Y70: =IF(V70>W70, "è in grado", "non è in grado") -> è in grado | Z70: =IF(R70>10000, "sottende", "non sottende") -> non sottende | AA70: =V70/W70 -> 15.179294 | AB70: =IF(R70>10000, "B", IF(AA70>=2, "A", "B")) -> A | AC70: =IF(O70="di testa rete",IF(V70>W70,"SI","NO"),IF(V70>20,IF(V70>(W70+0.001),"SI","NO"),IF(V70<(W70+0.001),"NO",IF(O70="in testa impianto sollevamento","SI",IF(O70="in testa impianto di depurazione",IF(K70="Ponti sul Mincio (Capoluogo)","NO","SI"),"NO"))))) -> SI | AD70: =IF(V70>20, "Si", "No") -> Si | AE70: non occorre | AF70: 3.47 | AG70: 457 | AH70: 535 | AI70: =IF(AG70>AH70, "Manufatto limitante", " ") | AJ70: 211.78 | AK70: =((MIN(AG70:AH70))-V70)/AJ70 -> 2.0627066 | AL70: =MIN(AG70:AH70)-V70 -> 436.84 | AM70: Occorre vasca volano | AN70: No | AO70: 46147 | AP70: PD/497 del 05/05/2022 | AQ70: Navarolo-Agro Cremonese Mantovano | AR70: 51501 | AS70: N°1948 del 18/09/2024
C71: SF-BZZ-BAS | D71: PP0200070008 | E71: =D71&""&$E$1 -> PP0200070008001B | G71: Bozzolo | H71: Capoluogo | I71: S.P. 64 | J71: 45.1028325, 10.4905322 | K71: Bozzolo (capoluogo) | L71: fosso collegato al canale Pozza | O71: di rete | P71: 1222 | Q71: 14 | R71: =P71+Q71 -> 1236 | S71: 2.87 | T71: 0.09 | U71: =T71+S71 -> 2.96 | V71: 629.85 | W71: =MAX(IF(N71="si",R71*1000/86400,R71*750/86400),IF(Q71>=(0.5*P71),(1.5*S71+T71)*2.5,(1.5*S71+T71)*2)) -> 10.729167 | X71: =V71/U71 -> 212.78716 | Y71: =IF(V71>W71, "è in grado", "non è in grado") -> è in grado | Z71: =IF(R71>10000, "sottende", "non sottende") -> non sottende | AA71: =V71/W71 -> 58.704466 | AB71: =IF(R71>10000, "B", IF(AA71>=2, "A", "B")) -> A | AC71: =IF(O71="di testa rete",IF(V71>W71,"SI","NO"),IF(V71>20,IF(V71>(W71+0.001),"SI","NO"),IF(V71<(W71+0.001),"NO",IF(O71="in testa impianto sollevamento","SI",IF(O71="in testa impianto di depurazione",IF(K71="Ponti sul Mincio (Capoluogo)","NO","SI"),"NO"))))) -> SI | AD71: =IF(V71>20, "Si", "No") -> Si | AE71: non occorre | AF71: 40.93 | AG71: 3478 | AH71: 1136 | AI71: =IF(AG71>AH71, "Manufatto limitante", " ") -> Manufatto limitante | AJ71: 22.26 | AK71: =((MIN(AG71:AH71))-V71)/AJ71 -> 22.738095 | AL71: =MIN(AG71:AH71)-V71 -> 506.15 | AM71: non occorre | AN71: No | AO71: 46147 | AP71: PD/497 del 05/05/2022 | AQ71: Navarolo-Agro Cremonese Mantovano | AR71: n.a. | AS71: Prot. 0002536/2024 del 21/08/2024 | AT71: nota consorzio in cui si specifica non competenza
C72: SF-BZZ-BZZ2 | D72: PP0200070002 | E72: =D72&""&$E$1 -> PP0200070002001B | G72: Bozzolo | H72: Capoluogo | I72: Fuori ambito stradale | J72: 45.108205, 10.4891081 | K72: Bozzolo (capoluogo) | L72: fosso collegato al canale Pozza | O72: di rete | P72: 1782 | Q72: 14 | R72: =P72+Q72 -> 1796 | S72: 4.19 | T72: 0.09 | U72: =T72+S72 -> 4.28 | V72: 39.7 | W72: =MAX(IF(N72="si",R72*1000/86400,R72*750/86400),IF(Q72>=(0.5*P72),(1.5*S72+T72)*2.5,(1.5*S72+T72)*2)) -> 15.590278 | X72: =V72/U72 -> 9.2757009 | Y72: =IF(V72>W72, "è in grado", "non è in grado") -> è in grado | Z72: =IF(R72>10000, "sottende", "non sottende") -> non sottende | AA72: =V72/W72 -> 2.5464588 | AB72: =IF(R72>10000, "B", IF(AA72>=2, "A", "B")) -> A | AC72: =IF(O72="di testa rete",IF(V72>W72,"SI","NO"),IF(V72>20,IF(V72>(W72+0.001),"SI","NO"),IF(V72<(W72+0.001),"NO",IF(O72="in testa impianto sollevamento","SI",IF(O72="in testa impianto di depurazione",IF(K72="Ponti sul Mincio (Capoluogo)","NO","SI"),"NO"))))) -> SI | AD72: =IF(V72>20, "Si", "No") -> Si | AE72: non occorre | AF72: 15.04 | AG72: 1932 | AH72: 2307 | AI72: =IF(AG72>AH72, "Manufatto limitante", " ") | AJ72: 222.8 | AK72: =((MIN(AG72:AH72))-V72)/AJ72 -> 8.4932675 | AL72: =MIN(AG72:AH72)-V72 -> 1892.3 | AM72: Occorre vasca volano | AN72: Si | AO72: 46147 | AP72: PD/497 del 05/05/2022 | AQ72: Navarolo-Agro Cremonese Mantovano | AR72: n.a. | AS72: Prot. 0002536/2024 del 21/08/2024 | AT72: nota consorzio in cui si specifica non competenza
C73: SF-BZZ-CAS | D73: PP0200070005 | E73: =D73&""&$E$1 -> PP0200070005001B | G73: Bozzolo | H73: Capoluogo | I73: Fuori ambito stradale | J73: 45.1096186, 10.4852238 | K73: Bozzolo (capoluogo) | L73: Canale Pozza | O73: di rete | P73: 117 | Q73: 0 | R73: =P73+Q73 -> 117 | S73: 0.28 | T73: 0 | U73: =T73+S73 -> 0.28 | V73: 56.46 | W73: =MAX(IF(N73="si",R73*1000/86400,R73*750/86400),IF(Q73>=(0.5*P73),(1.5*S73+T73)*2.5,(1.5*S73+T73)*2)) -> 1.015625 | X73: =V73/U73 -> 201.64286 | Y73: =IF(V73>W73, "è in grado", "non è in grado") -> è in grado | Z73: =IF(R73>10000, "sottende", "non sottende") -> non sottende | AA73: =V73/W73 -> 55.591385 | AB73: =IF(R73>10000, "B", IF(AA73>=2, "A", "B")) -> A | AC73: =IF(O73="di testa rete",IF(V73>W73,"SI","NO"),IF(V73>20,IF(V73>(W73+0.001),"SI","NO"),IF(V73<(W73+0.001),"NO",IF(O73="in testa impianto sollevamento","SI",IF(O73="in testa impianto di depurazione",IF(K73="Ponti sul Mincio (Capoluogo)","NO","SI"),"NO"))))) -> SI | AD73: =IF(V73>20, "Si", "No") -> Si | AE73: non occorre | AF73: 5.98 | AG73: 486 | AH73: 360 | AI73: =IF(AG73>AH73, "Manufatto limitante", " ") -> Manufatto limitante | AJ73: 133.88 | AK73: =((MIN(AG73:AH73))-V73)/AJ73 -> 2.2672543 | AL73: =MIN(AG73:AH73)-V73 -> 303.54 | AM73: Occorre vasca volano | AN73: No | AO73: 46147 | AP73: PD/497 del 05/05/2022 | AQ73: Navarolo-Agro Cremonese Mantovano | AR73: 51501 | AS73: N°1948 del 18/09/2024
C74: SF-BZZ-CRE | D74: PP0200070004 | E74: =D74&""&$E$1 -> PP0200070004001B | G74: Bozzolo | H74: Capoluogo | I74: Via Cremona (vicolo Gorghi) | J74: 45.1086878, 10.4746417 | K74: Bozzolo (capoluogo) | L74: Canale ferrovia | O74: di rete | P74: 86 | Q74: 9 | R74: =P74+Q74 -> 95 | S74: 0.2 | T74: 0.07 | U74: =T74+S74 -> 0.27 | V74: 33.54 | W74: =MAX(IF(N74="si",R74*1000/86400,R74*750/86400),IF(Q74>=(0.5*P74),(1.5*S74+T74)*2.5,(1.5*S74+T74)*2)) -> 0.82465278 | X74: =V74/U74 -> 124.22222 | Y74: =IF(V74>W74, "è in grado", "non è in grado") -> è in grado | Z74: =IF(R74>10000, "sottende", "non sottende") -> non sottende | AA74: =V74/W74 -> 40.671663 | AB74: =IF(R74>10000, "B", IF(AA74>=2, "A", "B")) -> A | AC74: =IF(O74="di testa rete",IF(V74>W74,"SI","NO"),IF(V74>20,IF(V74>(W74+0.001),"SI","NO"),IF(V74<(W74+0.001),"NO",IF(O74="in testa impianto sollevamento","SI",IF(O74="in testa impianto di depurazione",IF(K74="Ponti sul Mincio (Capoluogo)","NO","SI"),"NO"))))) -> SI | AD74: =IF(V74>20, "Si", "No") -> Si | AE74: non occorre | AF74: 13.19 | AG74: 1970 | AH74: 1321 | AI74: =IF(AG74>AH74, "Manufatto limitante", " ") -> Manufatto limitante | AJ74: 125.15 | AK74: =((MIN(AG74:AH74))-V74)/AJ74 -> 10.287335 | AL74: =MIN(AG74:AH74)-V74 -> 1287.46 | AM74: Occorre vasca volano | AN74: No | AO74: 46147 | AP74: PD/497 del 05/05/2022 | AQ74: Navarolo-Agro Cremonese Mantovano | AR74: 51501 | AS74: N°1948 del 18/09/2024
C75: SF-BZZ-VAL1 | D75: PP0200070003 | E75: =D75&""&$E$1 -> PP0200070003001B | F75: Calcoli rifatti rilievo alla mano ad aprile 2025, manufatto conforme | G75: Bozzolo | H75: Capoluogo | I75: Via Cremona | J75: 45.1083347, 10.4752979 | K75: Bozzolo (capoluogo) | L75: Canale Ferrovia | O75: di rete | P75: 75 | Q75: 4 | R75: =P75+Q75 -> 79 | S75: 0.18 | T75: 0.04 | U75: =T75+S75 -> 0.22 | V75: 21.3 | W75: =MAX(IF(N75="si",R75*1000/86400,R75*750/86400),IF(Q75>=(0.5*P75),(1.5*S75+T75)*2.5,(1.5*S75+T75)*2)) -> 0.68576389 | X75: =V75/U75 -> 96.818182 | Y75: =IF(V75>W75, "è in grado", "non è in grado") -> è in grado | Z75: =IF(R75>10000, "sottende", "non sottende") -> non sottende | AA75: =V75/W75 -> 31.060253 | AB75: =IF(R75>10000, "B", IF(AA75>=2, "A", "B")) -> A | AC75: =IF(O75="di testa rete",IF(V75>W75,"SI","NO"),IF(V75>20,IF(V75>(W75+0.001),"SI","NO"),IF(V75<(W75+0.001),"NO",IF(O75="in testa impianto sollevamento","SI",IF(O75="in testa impianto di depurazione",IF(K75="Ponti sul Mincio (Capoluogo)","NO","SI"),"NO"))))) -> SI | AD75: =IF(V75>20, "Si", "No") -> Si | AE75: non occorre | AF75: 7.88 | AG75: 1287 | AH75: 477 | AI75: =IF(AG75>AH75, "Manufatto limitante", " ") -> Manufatto limitante | AJ75: 86.05 | AK75: =((MIN(AG75:AH75))-V75)/AJ75 -> 5.2957583 | AL75: =MIN(AG75:AH75)-V75 -> 455.7 | AM75: Occorre vasca volano | AN75: No | AO75: 46147 | AP75: PD/497 del 05/05/2022 | AQ75: Navarolo-Agro Cremonese Mantovano | AR75: 51501 | AS75: N°1948 del 18/09/2024
C76: SF-BZZ-VAL2 | D76: PP0200070007 | E76: =D76&""&$E$1 -> PP0200070007001B | G76: Bozzolo | H76: Capoluogo | I76: Via Cremona | J76: 45.1079652, 10.476713 | K76: Bozzolo (capoluogo) | L76: Canale ferrovia | O76: di rete | P76: 1982 | Q76: 1 | R76: =P76+Q76 -> 1983 | S76: 4.66 | T76: 0.01 | U76: =T76+S76 -> 4.67 | V76: 34.09 | W76: =MAX(IF(N76="si",R76*1000/86400,R76*750/86400),IF(Q76>=(0.5*P76),(1.5*S76+T76)*2.5,(1.5*S76+T76)*2)) -> 17.213542 | X76: =V76/U76 -> 7.2997859 | Y76: =IF(V76>W76, "è in grado", "non è in grado") -> è in grado | Z76: =IF(R76>10000, "sottende", "non sottende") -> non sottende | AA76: =V76/W76 -> 1.9804175 | AB76: =IF(R76>10000, "B", IF(AA76>=2, "A", "B")) -> B | AC76: =IF(O76="di testa rete",IF(V76>W76,"SI","NO"),IF(V76>20,IF(V76>(W76+0.001),"SI","NO"),IF(V76<(W76+0.001),"NO",IF(O76="in testa impianto sollevamento","SI",IF(O76="in testa impianto di depurazione",IF(K76="Ponti sul Mincio (Capoluogo)","NO","SI"),"NO"))))) -> SI | AD76: =IF(V76>20, "Si", "No") -> Si | AE76: Occorre vasca di accumulo o sistema di trattamento | AF76: 46.59 | AG76: 4199 | AH76: 1900 | AI76: =IF(AG76>AH76, "Manufatto limitante", " ") -> Manufatto limitante | AJ76: 74.61 | AK76: =((MIN(AG76:AH76))-V76)/AJ76 -> 25.008846 | AL76: =MIN(AG76:AH76)-V76 -> 1865.91 | AM76: Occorre vasca volano | AN76: No | AO76: 46147 | AP76: PD/497 del 05/05/2022 | AQ76: Navarolo-Agro Cremonese Mantovano | AR76: 51501 | AS76: N°1948 del 18/09/2024
C77: SF-CMM-CMM | D77: PP020000009 | E77: =D77&""&$E$1 -> PP020000009001B | G77: Commessaggio | H77: Capoluogo | I77: Area impianto | J77: 45.035186, 10.553181 | K77: Commessaggio (Capoluogo) | L77: Canale Fossadone | O77: in testa impianto di depurazione | P77: 1155 | Q77: 2 | R77: =P77+Q77 -> 1157 | S77: 2.72 | T77: 0.11 | U77: =T77+S77 -> 2.83 | V77: 11.35 | W77: =MAX(IF(N77="si",R77*1000/86400,R77*750/86400),IF(Q77>=(0.5*P77),(1.5*S77+T77)*2.5,(1.5*S77+T77)*2)) -> 10.043403 | X77: =V77/U77 -> 4.0106007 | Y77: =IF(V77>W77, "è in grado", "non è in grado") -> è in grado | Z77: =IF(R77>10000, "sottende", "non sottende") -> non sottende | AA77: =V77/W77 -> 1.1300951 | AB77: =IF(R77>10000, "B", IF(AA77>=2, "A", "B")) -> B | AC77: =IF(O77="di testa rete",IF(V77>W77,"SI","NO"),IF(V77>20,IF(V77>(W77+0.001),"SI","NO"),IF(V77<(W77+0.001),"NO",IF(O77="in testa impianto sollevamento","SI",IF(O77="in testa impianto di depurazione",IF(K77="Ponti sul Mincio (Capoluogo)","NO","SI"),"NO"))))) -> SI | AD77: =IF(V77>20, "Si", "No") -> No | AE77: Occorre vasca di accumulo o sistema di trattamento (testa impianto) | AF77: 9.08 | AG77: 988 | AH77: 230 | AI77: =IF(AG77>AH77, "Manufatto limitante", " ") -> Manufatto limitante | AJ77: 52.75 | AK77: =((MIN(AG77:AH77))-V77)/AJ77 -> 4.1450237 | AL77: =MIN(AG77:AH77)-V77 -> 218.65 | AM77: Occorre vasca volano | AN77: Si | AO77: 2029 | AP77: Atto dirigenziale n° PD/890 del 29/05/2024 | AQ77: Navarolo-Agro Cremonese Mantovano | AR77: 51866 | AS77: n°1923 del 17/04/2024
C78: SF-CMM-GAS1 | D78: PP020000003 | E78: =D78&""&$E$1 -> PP020000003001B | G78: Commessaggio | H78: Capoluogo | I78: Via De Gasperi | J78: 45.0452999, 10.5504334 | K78: Commessaggio (Capoluogo) | L78: Canale vecchio Riglio | O78: in testa impianto sollevamento | P78: 44 | Q78: 2 | R78: =P78+Q78 -> 46 | S78: 0.1 | T78: 0.11 | U78: =T78+S78 -> 0.21 | V78: 3.9 | W78: =MAX(IF(N78="si",R78*1000/86400,R78*750/86400),IF(Q78>=(0.5*P78),(1.5*S78+T78)*2.5,(1.5*S78+T78)*2)) -> 0.52 | X78: =V78/U78 -> 18.571429 | Y78: =IF(V78>W78, "è in grado", "non è in grado") -> è in grado | Z78: =IF(R78>10000, "sottende", "non sottende") -> non sottende | AA78: =V78/W78 -> 7.5 | AB78: =IF(R78>10000, "B", IF(AA78>=2, "A", "B")) -> A | AC78: =IF(O78="di testa rete",IF(V78>W78,"SI","NO"),IF(V78>20,IF(V78>(W78+0.001),"SI","NO"),IF(V78<(W78+0.001),"NO",IF(O78="in testa impianto sollevamento","SI",IF(O78="in testa impianto di depurazione",IF(K78="Ponti sul Mincio (Capoluogo)","NO","SI"),"NO"))))) -> SI | AD78: =IF(V78>20, "Si", "No") -> No | AE78: Non occorre | AF78: 8.26 | AG78: 1557 | AH78: 83 | AI78: =IF(AG78>AH78, "Manufatto limitante", " ") -> Manufatto limitante | AJ78: 12.01 | AK78: =((MIN(AG78:AH78))-V78)/AJ78 -> 6.5861782 | AL78: =MIN(AG78:AH78)-V78 -> 79.1 | AM78: Non occorre | AN78: Si | AO78: 2029 | AP78: Atto dirigenziale n° PD/890 del 29/05/2024 | AQ78: Navarolo-Agro Cremonese Mantovano | AR78: 51866 | AS78: n°1923 del 17/04/2024
C79: SF-CMM-GAS2 | D79: PP020000004 | E79: =D79&""&$E$1 -> PP020000004001B | G79: Commessaggio | H79: Capoluogo | I79: Via De Gasperi | J79: 45.0487363, 10.5520675 | K79: Commessaggio (Capoluogo) | L79: Canale Riglio | O79: di rete | P79: 15 | Q79: 2 | R79: =P79+Q79 -> 17 | S79: 0.04 | T79: 0.11 | U79: =T79+S79 -> 0.15 | V79: 31.29 | W79: =MAX(IF(N79="si",R79*1000/86400,R79*750/86400),IF(Q79>=(0.5*P79),(1.5*S79+T79)*2.5,(1.5*S79+T79)*2)) -> 0.34 | X79: =V79/U79 -> 208.6 | Y79: =IF(V79>W79, "è in grado", "non è in grado") -> è in grado | Z79: =IF(R79>10000, "sottende", "non sottende") -> non sottende | AA79: =V79/W79 -> 92.029412 | AB79: =IF(R79>10000, "B", IF(AA79>=2, "A", "B")) -> A | AC79: =IF(O79="di testa rete",IF(V79>W79,"SI","NO"),IF(V79>20,IF(V79>(W79+0.001),"SI","NO"),IF(V79<(W79+0.001),"NO",IF(O79="in testa impianto sollevamento","SI",IF(O79="in testa impianto di depurazione",IF(K79="Ponti sul Mincio (Capoluogo)","NO","SI"),"NO"))))) -> SI | AD79: =IF(V79>20, "Si", "No") -> Si | AE79: Non occorre | AF79: 2.36 | AG79: 458 | AH79: 212 | AI79: =IF(AG79>AH79, "Manufatto limitante", " ") -> Manufatto limitante | AJ79: 95.72 | AK79: =((MIN(AG79:AH79))-V79)/AJ79 -> 1.8879022 | AL79: =MIN(AG79:AH79)-V79 -> 180.71 | AM79: Occorre vasca volano | AN79: Si | AO79: 2029 | AP79: Atto dirigenziale n° PD/890 del 29/05/2024 | AQ79: Navarolo-Agro Cremonese Mantovano | AR79: 51866 | AS79: n°1923 del 17/04/2024
C80: SF-CMM-GAS3 | D80: PP020000005 | E80: =D80&""&$E$1 -> PP020000005001B | G80: Commessaggio | H80: Capoluogo | I80: Via De Gasperi | J80: 45.04518, 10.5504242 | K80: Commessaggio (Capoluogo) | L80: Canale vecchio Riglio | O80: in testa impianto sollevamento | P80: 55 | Q80: 2 | R80: =P80+Q80 -> 57 | S80: 0.13 | T80: 0.11 | U80: =T80+S80 -> 0.24 | V80: 3.9 | W80: =MAX(IF(N80="si",R80*1000/86400,R80*750/86400),IF(Q80>=(0.5*P80),(1.5*S80+T80)*2.5,(1.5*S80+T80)*2)) -> 0.61 | X80: =V80/U80 -> 16.25 | Y80: =IF(V80>W80, "è in grado", "non è in grado") -> è in grado | Z80: =IF(R80>10000, "sottende", "non sottende") -> non sottende | AA80: =V80/W80 -> 6.3934426 | AB80: =IF(R80>10000, "B", IF(AA80>=2, "A", "B")) -> A | AC80: =IF(O80="di testa rete",IF(V80>W80,"SI","NO"),IF(V80>20,IF(V80>(W80+0.001),"SI","NO"),IF(V80<(W80+0.001),"NO",IF(O80="in testa impianto sollevamento","SI",IF(O80="in testa impianto di depurazione",IF(K80="Ponti sul Mincio (Capoluogo)","NO","SI"),"NO"))))) -> SI | AD80: =IF(V80>20, "Si", "No") -> No | AE80: Non occorre | AF80: 0 | AG80: 4 | AH80: 111 | AI80: =IF(AG80>AH80, "Manufatto limitante", " ") | AJ80: 12.03 | AK80: =((MIN(AG80:AH80))-V80)/AJ80 -> 0.008312552 | AL80: =MIN(AG80:AH80)-V80 -> 0.1 | AM80: Non occorre | AN80: No | AO80: 2029 | AP80: Atto dirigenziale n° PD/890 del 29/05/2024 | AQ80: Navarolo-Agro Cremonese Mantovano | AR80: 51866 | AS80: n°1923 del 17/04/2024
C81: SF-CMM-GIO1 | D81: PP020000002 | E81: =D81&""&$E$1 -> PP020000002001B | G81: Commessaggio | H81: Capoluogo | I81: Via Giovanni XXIII/via Colombarone | J81: 45.0349458, 10.550628 | K81: Commessaggio (Capoluogo) | L81: Canale Fossadone | O81: di rete | P81: 61 | Q81: 0 | R81: =P81+Q81 -> 61 | S81: 0.16 | T81: 0 | U81: =T81+S81 -> 0.16 | V81: 40.08 | W81: =MAX(IF(N81="si",R81*1000/86400,R81*750/86400),IF(Q81>=(0.5*P81),(1.5*S81+T81)*2.5,(1.5*S81+T81)*2)) -> 0.52951389 | X81: =V81/U81 -> 250.5 | Y81: =IF(V81>W81, "è in grado", "non è in grado") -> è in grado | Z81: =IF(R81>10000, "sottende", "non sottende") -> non sottende | AA81: =V81/W81 -> 75.692066 | AB81: =IF(R81>10000, "B", IF(AA81>=2, "A", "B")) -> A | AC81: =IF(O81="di testa rete",IF(V81>W81,"SI","NO"),IF(V81>20,IF(V81>(W81+0.001),"SI","NO"),IF(V81<(W81+0.001),"NO",IF(O81="in testa impianto sollevamento","SI",IF(O81="in testa impianto di depurazione",IF(K81="Ponti sul Mincio (Capoluogo)","NO","SI"),"NO"))))) -> SI | AD81: =IF(V81>20, "Si", "No") -> Si | AE81: Non occorre | AF81: 1.59 | AG81: 148 | AH81: 187 | AI81: =IF(AG81>AH81, "Manufatto limitante", " ") | AJ81: 161.84 | AK81: =((MIN(AG81:AH81))-V81)/AJ81 -> 0.66683144 | AL81: =MIN(AG81:AH81)-V81 -> 107.92 | AM81: Occorre vasca volano | AN81: No | AO81: 2029 | AP81: Atto dirigenziale n° PD/890 del 29/05/2024 | AQ81: Navarolo-Agro Cremonese Mantovano | AR81: 51866 | AS81: n°1923 del 17/04/2024
C82: SF-CMM-GIO2 | D82: PP020000008 | E82: =D82&""&$E$1 -> PP020000008001B | G82: Commessaggio | H82: Capoluogo | I82: Via Giovanni XXIII/via Colombarone | J82: 45.0351125, 10.5506052 | K82: Commessaggio (Capoluogo) | L82: Canale Fossadone | O82: di rete | P82: 19 | Q82: 0 | R82: =P82+Q82 -> 19 | S82: 0.05 | T82: 0 | U82: =T82+S82 -> 0.05 | V82: 21.4 | W82: =MAX(IF(N82="si",R82*1000/86400,R82*750/86400),IF(Q82>=(0.5*P82),(1.5*S82+T82)*2.5,(1.5*S82+T82)*2)) -> 0.16493056 | X82: =V82/U82 -> 428 | Y82: =IF(V82>W82, "è in grado", "non è in grado") -> è in grado | Z82: =IF(R82>10000, "sottende", "non sottende") -> non sottende | AA82: =V82/W82 -> 129.75158 | AB82: =IF(R82>10000, "B", IF(AA82>=2, "A", "B")) -> A | AC82: =IF(O82="di testa rete",IF(V82>W82,"SI","NO"),IF(V82>20,IF(V82>(W82+0.001),"SI","NO"),IF(V82<(W82+0.001),"NO",IF(O82="in testa impianto sollevamento","SI",IF(O82="in testa impianto di depurazione",IF(K82="Ponti sul Mincio (Capoluogo)","NO","SI"),"NO"))))) -> SI | AD82: =IF(V82>20, "Si", "No") -> Si | AE82: Non occorre | AF82: 1.01 | AG82: 59 | AH82: 371 | AI82: =IF(AG82>AH82, "Manufatto limitante", " ") | AJ82: 181.52 | AK82: =((MIN(AG82:AH82))-V82)/AJ82 -> 0.20713971 | AL82: =MIN(AG82:AH82)-V82 -> 37.6 | AM82: Occorre vasca volano | AN82: No | AO82: 2029 | AP82: Atto dirigenziale n° PD/890 del 29/05/2024 | AQ82: Navarolo-Agro Cremonese Mantovano | AR82: 51866 | AS82: n°1923 del 17/04/2024
C83: SF-CMM-MAR | D83: PP020000001 | E83: =D83&""&$E$1 -> PP020000001001B | G83: Commessaggio | H83: Capoluogo | I83: Via Marconi | J83: 45.0369762, 10.546175 | K83: Commessaggio (Capoluogo) | L83: Canale Cavamento | O83: in testa impianto sollevamento | P83: 391 | Q83: 0 | R83: =P83+Q83 -> 391 | S83: 0.92 | T83: 0 | U83: =T83+S83 -> 0.92 | V83: 16.85 | W83: =MAX(IF(N83="si",R83*1000/86400,R83*750/86400),IF(Q83>=(0.5*P83),(1.5*S83+T83)*2.5,(1.5*S83+T83)*2)) -> 3.3940972 | X83: =V83/U83 -> 18.315217 | Y83: =IF(V83>W83, "è in grado", "non è in grado") -> è in grado | Z83: =IF(R83>10000, "sottende", "non sottende") -> non sottende | AA83: =V83/W83 -> 4.9645013 | AB83: =IF(R83>10000, "B", IF(AA83>=2, "A", "B")) -> A | AC83: =IF(O83="di testa rete",IF(V83>W83,"SI","NO"),IF(V83>20,IF(V83>(W83+0.001),"SI","NO"),IF(V83<(W83+0.001),"NO",IF(O83="in testa impianto sollevamento","SI",IF(O83="in testa impianto di depurazione",IF(K83="Ponti sul Mincio (Capoluogo)","NO","SI"),"NO"))))) -> SI | AD83: =IF(V83>20, "Si", "No") -> No | AE83: Non occorre | AF83: 13.4 | AG83: 1195 | AH83: 391 | AI83: =IF(AG83>AH83, "Manufatto limitante", " ") -> Manufatto limitante | AJ83: 57.83 | AK83: =((MIN(AG83:AH83))-V83)/AJ83 -> 6.4698254 | AL83: =MIN(AG83:AH83)-V83 -> 374.15 | AM83: Occorre vasca volano | AN83: Si | AO83: 2029 | AP83: Atto dirigenziale n° PD/890 del 29/05/2024 | AQ83: Navarolo-Agro Cremonese Mantovano | AR83: - | AS83: n.a.
C84: SF-CMM-MAZ | D84: PP020000007 | E84: =D84&""&$E$1 -> PP020000007001B | G84: Commessaggio | H84: Capoluogo | I84: Via Mazzini / Lotto | J84: 45.0346489, 10.5478068 | K84: Commessaggio (Capoluogo) | L84: Canale Cavamento | O84: di rete | P84: 877 | Q84: 2 | R84: =P84+Q84 -> 879 | S84: 2.06 | T84: 0.11 | U84: =T84+S84 -> 2.17 | V84: 118.41 | W84: =MAX(IF(N84="si",R84*1000/86400,R84*750/86400),IF(Q84>=(0.5*P84),(1.5*S84+T84)*2.5,(1.5*S84+T84)*2)) -> 7.6302083 | X84: =V84/U84 -> 54.56682 | Y84: =IF(V84>W84, "è in grado", "non è in grado") -> è in grado | Z84: =IF(R84>10000, "sottende", "non sottende") -> non sottende | AA84: =V84/W84 -> 15.51858 | AB84: =IF(R84>10000, "B", IF(AA84>=2, "A", "B")) -> A | AC84: =IF(O84="di testa rete",IF(V84>W84,"SI","NO"),IF(V84>20,IF(V84>(W84+0.001),"SI","NO"),IF(V84<(W84+0.001),"NO",IF(O84="in testa impianto sollevamento","SI",IF(O84="in testa impianto di depurazione",IF(K84="Ponti sul Mincio (Capoluogo)","NO","SI"),"NO"))))) -> SI | AD84: =IF(V84>20, "Si", "No") -> Si | AE84: Non occorre | AF84: 7.56 | AG84: 1169 | AH84: 700 | AI84: =IF(AG84>AH84, "Manufatto limitante", " ") -> Manufatto limitante | AJ84: 147.71 | AK84: =((MIN(AG84:AH84))-V84)/AJ84 -> 3.9373773 | AL84: =MIN(AG84:AH84)-V84 -> 581.59 | AM84: Occorre vasca volano | AN84: No | AO84: 2029 | AP84: Atto dirigenziale n° PD/890 del 29/05/2024 | AQ84: fosso privato afferente canale consortile - n.a. | AR84: 51866 | AS84: n°1923 del 17/04/2024
C85: SF-CMM-MAZ2 | D85: PP020000006 | E85: =D85&""&$E$1 -> PP020000006001B | G85: Commessaggio | H85: Capoluogo | I85: Via Mazzini (inc. via Borrini) | J85: 45.0340088, 10.5472553 | K85: Commessaggio (Capoluogo) | L85: Canale Navarolo | O85: di rete | P85: 293 | Q85: 0 | R85: =P85+Q85 -> 293 | S85: 0.69 | T85: 0 | U85: =T85+S85 -> 0.69 | V85: 232.73 | W85: =MAX(IF(N85="si",R85*1000/86400,R85*750/86400),IF(Q85>=(0.5*P85),(1.5*S85+T85)*2.5,(1.5*S85+T85)*2)) -> 2.5434028 | X85: =V85/U85 -> 337.28986 | Y85: =IF(V85>W85, "è in grado", "non è in grado") -> è in grado | Z85: =IF(R85>10000, "sottende", "non sottende") -> non sottende | AA85: =V85/W85 -> 91.503399 | AB85: =IF(R85>10000, "B", IF(AA85>=2, "A", "B")) -> A | AC85: =IF(O85="di testa rete",IF(V85>W85,"SI","NO"),IF(V85>20,IF(V85>(W85+0.001),"SI","NO"),IF(V85<(W85+0.001),"NO",IF(O85="in testa impianto sollevamento","SI",IF(O85="in testa impianto di depurazione",IF(K85="Ponti sul Mincio (Capoluogo)","NO","SI"),"NO"))))) -> SI | AD85: =IF(V85>20, "Si", "No") -> Si | AE85: Non occorre | AF85: 8.28 | AG85: 1028 | AH85: 515 | AI85: =IF(AG85>AH85, "Manufatto limitante", " ") -> Manufatto limitante | AJ85: 58.9 | AK85: =((MIN(AG85:AH85))-V85)/AJ85 -> 4.7923599 | AL85: =MIN(AG85:AH85)-V85 -> 282.27 | AM85: Occorre vasca volano | AN85: No | AO85: 2029 | AP85: Atto dirigenziale n° PD/890 del 29/05/2024 | AQ85: Navarolo-Agro Cremonese Mantovano | AR85: 51866 | AS85: n°1912 del 20/02/2024
C86: SF-CRB-BAT | D86: PP0200730006 | E86: =D86&""&$E$1 -> PP0200730006001B | G86: Carbonara di Po | H86: Capoluogo | I86: Via Cesare Battisti, 16 | J86: 45.03288, 11.23259 | K86: Carbonara di Po | L86: Fosso afferente a Dugale Alto di Carbonara | O86: di rete | P86: 433 | Q86: 0 | R86: =P86+Q86 -> 433 | S86: 1.02 | T86: 0 | U86: =T86+S86 -> 1.02 | V86: 308.55 | W86: =MAX(IF(N86="si",R86*1000/86400,R86*750/86400),IF(Q86>=(0.5*P86),(1.5*S86+T86)*2.5,(1.5*S86+T86)*2)) -> 3.7586806 | X86: =V86/U86 -> 302.5 | Y86: =IF(V86>W86, "è in grado", "non è in grado") -> è in grado | Z86: =IF(R86>10000, "sottende", "non sottende") -> non sottende | AA86: =V86/W86 -> 82.089977 | AB86: =IF(R86>10000, "B", IF(AA86>=2, "A", "B")) -> A | AC86: =IF(O86="di testa rete",IF(V86>W86,"SI","NO"),IF(V86>20,IF(V86>(W86+0.001),"SI","NO"),IF(V86<(W86+0.001),"NO",IF(O86="in testa impianto sollevamento","SI",IF(O86="in testa impianto di depurazione",IF(K86="Ponti sul Mincio (Capoluogo)","NO","SI"),"NO"))))) -> SI | AD86: =IF(V86>20, "Si", "No") -> Si | AE86: Non occorre | AF86: 19.2 | AG86: 1837 | AH86: 551 | AI86: =IF(AG86>AH86, "Manufatto limitante", " ") -> Manufatto limitante | AJ86: 27.94 | AK86: =((MIN(AG86:AH86))-V86)/AJ86 -> 8.6775233 | AL86: =MIN(AG86:AH86)-V86 -> 242.45 | AM86: Non occorre | AN86: No | AO86: 47056 | AP86: n° PD / 1643 del 30/10/2024 | AQ86: fosso privato afferente canale consortile - n.a.
C87: SF-CRB-BAT1 | D87: PP0200730008 | E87: =D87&""&$E$1 -> PP0200730008001B | F87: Sfioratore analizzato in luglio 2024 | G87: Carbonara di Po | H87: Capoluogo | I87: Via Cesare Battisti, 10 | J87: 45.03272087323604, 11.229598197541332 | K87: Carbonara di Po | L87: Fosso afferente a Dugale Alto di Carbonara | O87: di rete | P87: 443 | Q87: 0 | R87: =P87+Q87 -> 443 | S87: 1.04 | T87: 0 | U87: =T87+S87 -> 1.04 | V87: 138.3 | W87: =MAX(IF(N87="si",R87*1000/86400,R87*750/86400),IF(Q87>=(0.5*P87),(1.5*S87+T87)*2.5,(1.5*S87+T87)*2)) -> 3.8454861 | X87: =V87/U87 -> 132.98077 | Y87: =IF(V87>W87, "è in grado", "non è in grado") -> è in grado | Z87: =IF(R87>10000, "sottende", "non sottende") -> non sottende | AA87: =V87/W87 -> 35.964244 | AB87: =IF(R87>10000, "B", IF(AA87>=2, "A", "B")) -> A | AC87: =IF(O87="di testa rete",IF(V87>W87,"SI","NO"),IF(V87>20,IF(V87>(W87+0.001),"SI","NO"),IF(V87<(W87+0.001),"NO",IF(O87="in testa impianto sollevamento","SI",IF(O87="in testa impianto di depurazione",IF(K87="Ponti sul Mincio (Capoluogo)","NO","SI"),"NO"))))) -> SI | AD87: =IF(V87>20, "Si", "No") -> Si | AE87: Non occorre | AF87: 0.2 | AG87: 328 | AH87: 551 | AI87: =IF(AG87>AH87, "Manufatto limitante", " ") | AJ87: 1900 | AK87: =((MIN(AG87:AH87))-V87)/AJ87 -> 0.099842105 | AL87: =MIN(AG87:AH87)-V87 -> 189.7 | AM87: Occorre vasca volano | AN87: NO | AO87: 47056 | AP87: n° PD / 1643 del 30/10/2024 | AQ87: fosso privato afferente canale consortile - n.a.
C88: SF-CRB-CAR | D88: PP0200730005 | E88: =D88&""&$E$1 -> PP0200730005001B | G88: Carbonara di Po | H88: Carbonarola | I88: Via Carbonarola | J88: 45.03895, 11.25564 | K88: Carbonara di Po | L88: Fosso afferente a Dugale Carbonara | O88: in testa impianto sollevamento | P88: 33 | Q88: 0 | R88: =P88+Q88 -> 33 | S88: 0.08 | T88: 0 | U88: =T88+S88 -> 0.08 | V88: 5.8 | W88: =MAX(IF(N88="si",R88*1000/86400,R88*750/86400),IF(Q88>=(0.5*P88),(1.5*S88+T88)*2.5,(1.5*S88+T88)*2)) -> 0.28645833 | X88: =V88/U88 -> 72.5 | Y88: =IF(V88>W88, "è in grado", "non è in grado") -> è in grado | Z88: =IF(R88>10000, "sottende", "non sottende") -> non sottende | AA88: =V88/W88 -> 20.247273 | AB88: =IF(R88>10000, "B", IF(AA88>=2, "A", "B")) -> A | AC88: =IF(O88="di testa rete",IF(V88>W88,"SI","NO"),IF(V88>20,IF(V88>(W88+0.001),"SI","NO"),IF(V88<(W88+0.001),"NO",IF(O88="in testa impianto sollevamento","SI",IF(O88="in testa impianto di depurazione",IF(K88="Ponti sul Mincio (Capoluogo)","NO","SI"),"NO"))))) -> SI | AD88: =IF(V88>20, "Si", "No") -> No | AE88: Non occorre | AF88: 4.3 | AG88: 386 | AH88: 549 | AI88: =IF(AG88>AH88, "Manufatto limitante", " ") | AJ88: 210.45 | AK88: =((MIN(AG88:AH88))-V88)/AJ88 -> 1.8066049 | AL88: =MIN(AG88:AH88)-V88 -> 380.2 | AM88: Occorre vasca volano | AN88: Si | AO88: 47056 | AP88: n° PD / 1643 del 30/10/2024 | AQ88: fosso privato afferente canale consortile - n.a.
C89: SF-CRB-CRB | E89: =D89&""&$E$1 -> 001B | G89: Carbonara di Po | H89: Capoluogo | I89: Via Cesare Battisti | J89: 45.03281, 11.22611 | K89: Carbonara di Po | L89: Dugale Alto di Carbonara | O89: di rete | P89: 1048 | Q89: 0 | R89: =P89+Q89 -> 1048 | S89: 2.46 | T89: 0 | U89: =T89+S89 -> 2.46 | V89: 124.51 | W89: =MAX(IF(N89="si",R89*1000/86400,R89*750/86400),IF(Q89>=(0.5*P89),(1.5*S89+T89)*2.5,(1.5*S89+T89)*2)) -> 9.0972222 | X89: =V89/U89 -> 50.613821 | Y89: =IF(V89>W89, "è in grado", "non è in grado") -> è in grado | Z89: =IF(R89>10000, "sottende", "non sottende") -> non sottende | AA89: =V89/W89 -> 13.686595 | AB89: =IF(R89>10000, "B", IF(AA89>=2, "A", "B")) -> A | AC89: =IF(O89="di testa rete",IF(V89>W89,"SI","NO"),IF(V89>20,IF(V89>(W89+0.001),"SI","NO"),IF(V89<(W89+0.001),"NO",IF(O89="in testa impianto sollevamento","SI",IF(O89="in testa impianto di depurazione",IF(K89="Ponti sul Mincio (Capoluogo)","NO","SI"),"NO"))))) -> SI | AD89: =IF(V89>20, "Si", "No") -> Si | AE89: Non occorre | AF89: 35 | AG89: 2342 | AH89: 4997 | AI89: =IF(AG89>AH89, "Manufatto limitante", " ") | AJ89: 150.02 | AK89: =((MIN(AG89:AH89))-V89)/AJ89 -> 14.781296 | AL89: =MIN(AG89:AH89)-V89 -> 2217.49 | AM89: Occorre vasca volano | AN89: Si | AO89: 47056 | AP89: n° PD / 1643 del 30/10/2024 | AQ89: Consorzio Garda Chiese | AR89: DA RICHIEDERE | AT89: Chiesto a Burana
C90: SF-CRB-RON | E90: =D90&""&$E$1 -> 001B | G90: Carbonara di Po | H90: Capoluogo | I90: Via Ugo Roncada | J90: 45.02988,11.23202 | K90: Carbonara di Po | L90: Fosso afferente a Cavo Diversivo 1° tratto | O90: di rete | P90: 97 | Q90: 0 | R90: =P90+Q90 -> 97 | S90: 0.23 | T90: 0 | U90: =T90+S90 -> 0.23 | V90: 49.7 | W90: =MAX(IF(N90="si",R90*1000/86400,R90*750/86400),IF(Q90>=(0.5*P90),(1.5*S90+T90)*2.5,(1.5*S90+T90)*2)) -> 0.84201389 | X90: =V90/U90 -> 216.08696 | Y90: =IF(V90>W90, "è in grado", "non è in grado") -> è in grado | Z90: =IF(R90>10000, "sottende", "non sottende") -> non sottende | AA90: =V90/W90 -> 59.025155 | AB90: =IF(R90>10000, "B", IF(AA90>=2, "A", "B")) -> A | AC90: =IF(O90="di testa rete",IF(V90>W90,"SI","NO"),IF(V90>20,IF(V90>(W90+0.001),"SI","NO"),IF(V90<(W90+0.001),"NO",IF(O90="in testa impianto sollevamento","SI",IF(O90="in testa impianto di depurazione",IF(K90="Ponti sul Mincio (Capoluogo)","NO","SI"),"NO"))))) -> SI | AD90: =IF(V90>20, "Si", "No") -> Si | AE90: Non occorre | AF90: 6.8 | AG90: 1433 | AH90: 550 | AI90: =IF(AG90>AH90, "Manufatto limitante", " ") -> Manufatto limitante | AJ90: 89 | AK90: =((MIN(AG90:AH90))-V90)/AJ90 -> 5.6213483 | AL90: =MIN(AG90:AH90)-V90 -> 500.3 | AM90: Occorre vasca volano | AN90: Si | AO90: 47056 | AP90: n° PD / 1643 del 30/10/2024 | AQ90: fosso privato afferente canale consortile - n.a. | AR90: n.a. | AS90: -
C91: SF-CRT-1MA | E91: =D91&""&$E$1 -> 001B | G91: Curtatone | H91: Levata | I91: via Levata / via I° Maggio | J91: 45.11982, 10.76912 | K91: Mantova | L91: canale Esperimento | M91: tramite condotta meteo | O91: di rete | P91: 86 | Q91: 0 | R91: =P91+Q91 -> 86 | S91: 0.2 | T91: 0 | U91: =T91+S91 -> 0.2 | V91: 21.11 | W91: =MAX(IF(N91="si",R91*1000/86400,R91*750/86400),IF(Q91>=(0.5*P91),(1.5*S91+T91)*2.5,(1.5*S91+T91)*2)) -> 0.74652778 | X91: =V91/U91 -> 105.55 | Y91: =IF(V91>W91, "è in grado", "non è in grado") -> è in grado | Z91: =IF(R91>10000, "sottende", "non sottende") -> non sottende | AA91: =V91/W91 -> 28.277581 | AB91: =IF(R91>10000, "B", IF(AA91>=2, "A", "B")) -> A | AC91: =IF(O91="di testa rete",IF(V91>W91,"SI","NO"),IF(V91>20,IF(V91>(W91+0.001),"SI","NO"),IF(V91<(W91+0.001),"NO",IF(O91="in testa impianto sollevamento","SI",IF(O91="in testa impianto di depurazione",IF(K91="Ponti sul Mincio (Capoluogo)","NO","SI"),"NO"))))) -> SI | AD91: =IF(V91>20, "Si", "No") -> Si | AE91: Non occorre | AF91: 1.7 | AG91: 215 | AH91: 433 | AI91: =IF(AG91>AH91, "Manufatto limitante", " ") | AJ91: 237.29 | AK91: =((MIN(AG91:AH91))-V91)/AJ91 -> 0.81710144 | AL91: =MIN(AG91:AH91)-V91 -> 193.89 | AM91: Occorre vasca volano | AN91: No | AP91: in meteo - chiedere al comune | AQ91: n.a. - rete meteorica in fosso afferente | AR91: n.a. | AS91: Prot 210/2025 del 18/01/2025 | AT91: Nulla osta TDM
C92: SF-CRT-4VE | D92: PP0200210015 | E92: =D92&""&$E$1 -> PP0200210015001B | G92: Curtatone | H92: 4 venti | I92: lottizzazione Quattro Venti | J92: 45.15074, 10.71339 | K92: Mantova | L92: canale Osone | N92: si | O92: in testa impianto sollevamento | P92: 36 | Q92: 17 | R92: =P92+Q92 -> 53 | S92: 0.08 | T92: 0.47 | U92: =T92+S92 -> 0.55 | V92: 7.5 | W92: =MAX(IF(N92="si",R92*1000/86400,R92*750/86400),IF(Q92>=(0.5*P92),(1.5*S92+T92)*2.5,(1.5*S92+T92)*2)) -> 1.18 | X92: =V92/U92 -> 13.636364 | Y92: =IF(V92>W92, "è in grado", "non è in grado") -> è in grado | Z92: =IF(R92>10000, "sottende", "non sottende") -> non sottende | AA92: =V92/W92 -> 6.3559322 | AB92: =IF(R92>10000, "B", IF(AA92>=2, "A", "B")) -> A | AC92: =IF(O92="di testa rete",IF(V92>W92,"SI","NO"),IF(V92>20,IF(V92>(W92+0.001),"SI","NO"),IF(V92<(W92+0.001),"NO",IF(O92="in testa impianto sollevamento","SI",IF(O92="in testa impianto di depurazione",IF(K92="Ponti sul Mincio (Capoluogo)","NO","SI"),"NO"))))) -> SI | AD92: =IF(V92>20, "Si", "No") -> No | AE92: Non occorre | AF92: 6.61 | AG92: 945 | AH92: 1470 | AI92: =IF(AG92>AH92, "Manufatto limitante", " ") | AJ92: 209.89 | AK92: =((MIN(AG92:AH92))-V92)/AJ92 -> 4.4666254 | AL92: =MIN(AG92:AH92)-V92 -> 937.5 | AM92: Non occorre (scarica a lago) | AN92: Si | AO92: 47421 | AP92: ATTO DIRIGENZIALE n° PD 1588 DEL 30/10/2025 | AQ92: TDM | AR92: 52597 | AS92: Rep. n° 590/2025 del 18/01/2025
A93: gennaio | C93: SF-CRT-BER | D93: PP0200210019 | E93: =D93&""&$E$1 -> PP0200210019001B | G93: Curtatone | H93: Buscoldo | I93: via Bertani incrocio via Papa Giovanni XXIII | J93: 45.09256, 10.6993 | K93: Curtatone (loc. Buscoldo) | L93: Canale Lodolo tratto tombato | O93: di rete | P93: 1022 | Q93: 0 | R93: =P93+Q93 -> 1022 | S93: 2.4 | T93: 0 | U93: =T93+S93 -> 2.4 | V93: 23.86 | W93: =MAX(IF(N93="si",R93*1000/86400,R93*750/86400),IF(Q93>=(0.5*P93),(1.5*S93+T93)*2.5,(1.5*S93+T93)*2)) -> 8.8715278 | X93: =V93/U93 -> 9.9416667 | Y93: =IF(V93>W93, "è in grado", "non è in grado") -> è in grado | Z93: =IF(R93>10000, "sottende", "non sottende") -> non sottende | AA93: =V93/W93 -> 2.6895029 | AB93: =IF(R93>10000, "B", IF(AA93>=2, "A", "B")) -> A | AC93: =IF(O93="di testa rete",IF(V93>W93,"SI","NO"),IF(V93>20,IF(V93>(W93+0.001),"SI","NO"),IF(V93<(W93+0.001),"NO",IF(O93="in testa impianto sollevamento","SI",IF(O93="in testa impianto di depurazione",IF(K93="Ponti sul Mincio (Capoluogo)","NO","SI"),"NO"))))) -> SI | AD93: =IF(V93>20, "Si", "No") -> Si | AE93: Non occorre | AF93: 5.66 | AG93: 772 | AH93: 1904 | AI93: =IF(AG93>AH93, "Manufatto limitante", " ") | AJ93: 251.07 | AK93: =((MIN(AG93:AH93))-V93)/AJ93 -> 2.9798064 | AL93: =MIN(AG93:AH93)-V93 -> 748.14 | AM93: Occorre vasca volano | AN93: No | AO93: 47510 | AP93: ATTO DIRIGENZIALE n° PD 634 del 24/04/2025 | AQ93: TDM | AS93: Richiesta fatta in data 22.12.2020 - NO RISPOSTA
C94: SF-CRT-BIN | D94: PP0200210016 | E94: =D94&""&$E$1 -> PP0200210016001B | G94: Curtatone | H94: Eremo | I94: via Binda ex depuratore | J94: 45.13584, 10.74354 | K94: Mantova | L94: fosso Anitre | O94: di rete | P94: 995 | Q94: 0 | R94: =P94+Q94 -> 995 | S94: 2.34 | T94: 0 | U94: =T94+S94 -> 2.34 | V94: 65 | W94: =MAX(IF(N94="si",R94*1000/86400,R94*750/86400),IF(Q94>=(0.5*P94),(1.5*S94+T94)*2.5,(1.5*S94+T94)*2)) -> 8.6371528 | X94: =V94/U94 -> 27.777778 | Y94: =IF(V94>W94, "è in grado", "non è in grado") -> è in grado | Z94: =IF(R94>10000, "sottende", "non sottende") -> non sottende | AA94: =V94/W94 -> 7.5256281 | AB94: =IF(R94>10000, "B", IF(AA94>=2, "A", "B")) -> A | AC94: =IF(O94="di testa rete",IF(V94>W94,"SI","NO"),IF(V94>20,IF(V94>(W94+0.001),"SI","NO"),IF(V94<(W94+0.001),"NO",IF(O94="in testa impianto sollevamento","SI",IF(O94="in testa impianto di depurazione",IF(K94="Ponti sul Mincio (Capoluogo)","NO","SI"),"NO"))))) -> SI | AD94: =IF(V94>20, "Si", "No") -> Si | AE94: Non occorre | AF94: 11.42 | AG94: 635 | AH94: 2380 | AI94: =IF(AG94>AH94, "Manufatto limitante", " ") | AJ94: 155.07 | AK94: =((MIN(AG94:AH94))-V94)/AJ94 -> 3.6757593 | AL94: =MIN(AG94:AH94)-V94 -> 570 | AM94: Occorre vasca volano | AN94: Si | AO94: 47421 | AP94: ATTO DIRIGENZIALE n° PD 1589 del 30/10/2025 | AQ94: TDM | AR94: 52597 | AS94: Rep. n° 590/2025 del 18/01/2025
A95: gennaio | C95: SF-CRT-BUS | D95: PP0200210013 | E95: =D95&""&$E$1 -> PP0200210013001B | G95: Curtatone | H95: Buscoldo | I95: piazza Lombardelli | J95: 45.09686, 10.6982 | K95: Curtatone (loc. Buscoldo) | L95: Canale Lodolo | O95: in testa impianto di depurazione | P95: 1870 | Q95: 0 | R95: =P95+Q95 -> 1870 | S95: 4.4 | T95: 0 | U95: =T95+S95 -> 4.4 | V95: 40.26 | W95: =MAX(IF(N95="si",R95*1000/86400,R95*750/86400),IF(Q95>=(0.5*P95),(1.5*S95+T95)*2.5,(1.5*S95+T95)*2)) -> 16.232639 | X95: =V95/U95 -> 9.15 | Y95: =IF(V95>W95, "è in grado", "non è in grado") -> è in grado | Z95: =IF(R95>10000, "sottende", "non sottende") -> non sottende | AA95: =V95/W95 -> 2.4801882 | AB95: =IF(R95>10000, "B", IF(AA95>=2, "A", "B")) -> A | AC95: =IF(O95="di testa rete",IF(V95>W95,"SI","NO"),IF(V95>20,IF(V95>(W95+0.001),"SI","NO"),IF(V95<(W95+0.001),"NO",IF(O95="in testa impianto sollevamento","SI",IF(O95="in testa impianto di depurazione",IF(K95="Ponti sul Mincio (Capoluogo)","NO","SI"),"NO"))))) -> SI | AD95: =IF(V95>20, "Si", "No") -> Si | AE95: Non occorre | AF95: 2.92 | AG95: 767 | AH95: 3665 | AI95: =IF(AG95>AH95, "Manufatto limitante", " ") | AJ95: 882.39 | AK95: =((MIN(AG95:AH95))-V95)/AJ95 -> 0.82360408 | AL95: =MIN(AG95:AH95)-V95 -> 726.74 | AM95: Occorre vasca volano | AN95: No | AO95: 47510 | AP95: ATTO DIRIGENZIALE n° PD 634 del 24/04/2025 | AQ95: TDM | AS95: Richiesta fatta in data 22.12.2020 - NO RISPOSTA
C96: SF-CRT-CAN | E96: =D96&""&$E$1 -> 001B | G96: Curtatone | H96: Levata | I96: via Levata / via Canneti | J96: 45.1198, 10.76931 | K96: Mantova | L96: canale Esperimento | M96: tramite condotta meteo | O96: di rete | P96: 91 | Q96: 0 | R96: =P96+Q96 -> 91 | S96: 0.21 | T96: 0 | U96: =T96+S96 -> 0.21 | V96: 20.94 | W96: =MAX(IF(N96="si",R96*1000/86400,R96*750/86400),IF(Q96>=(0.5*P96),(1.5*S96+T96)*2.5,(1.5*S96+T96)*2)) -> 0.78993056 | X96: =V96/U96 -> 99.714286 | Y96: =IF(V96>W96, "è in grado", "non è in grado") -> è in grado | Z96: =IF(R96>10000, "sottende", "non sottende") -> non sottende | AA96: =V96/W96 -> 26.508659 | AB96: =IF(R96>10000, "B", IF(AA96>=2, "A", "B")) -> A | AC96: =IF(O96="di testa rete",IF(V96>W96,"SI","NO"),IF(V96>20,IF(V96>(W96+0.001),"SI","NO"),IF(V96<(W96+0.001),"NO",IF(O96="in testa impianto sollevamento","SI",IF(O96="in testa impianto di depurazione",IF(K96="Ponti sul Mincio (Capoluogo)","NO","SI"),"NO"))))) -> SI | AD96: =IF(V96>20, "Si", "No") -> Si | AE96: Non occorre | AF96: 2.18 | AG96: 287 | AH96: 600 | AI96: =IF(AG96>AH96, "Manufatto limitante", " ") | AJ96: 243.89 | AK96: =((MIN(AG96:AH96))-V96)/AJ96 -> 1.0909016 | AL96: =MIN(AG96:AH96)-V96 -> 266.06 | AM96: Occorre vasca volano | AN96: No | AP96: in meteo - chiedere al comune | AQ96: n.a. - rete meteorica in fosso afferente | AR96: n.a. | AS96: Prot 210/2025 del 18/01/2025 | AT96: Nulla osta TDM
C97: SF-CRT-CHI | E97: =D97&""&$E$1 -> 001B | G97: Curtatone | H97: San Silvestro | I97: via Chiesa | J97: 45.12171, 10.74272 | K97: Mantova | L97: fosso collegato al canale Vivarana | O97: di rete | P97: 86 | Q97: 0 | R97: =P97+Q97 -> 86 | S97: 0.2 | T97: 0 | U97: =T97+S97 -> 0.2 | V97: 22.54 | W97: =MAX(IF(N97="si",R97*1000/86400,R97*750/86400),IF(Q97>=(0.5*P97),(1.5*S97+T97)*2.5,(1.5*S97+T97)*2)) -> 0.74652778 | X97: =V97/U97 -> 112.7 | Y97: =IF(V97>W97, "è in grado", "non è in grado") -> è in grado | Z97: =IF(R97>10000, "sottende", "non sottende") -> non sottende | AA97: =V97/W97 -> 30.193116 | AB97: =IF(R97>10000, "B", IF(AA97>=2, "A", "B")) -> A | AC97: =IF(O97="di testa rete",IF(V97>W97,"SI","NO"),IF(V97>20,IF(V97>(W97+0.001),"SI","NO"),IF(V97<(W97+0.001),"NO",IF(O97="in testa impianto sollevamento","SI",IF(O97="in testa impianto di depurazione",IF(K97="Ponti sul Mincio (Capoluogo)","NO","SI"),"NO"))))) -> SI | AD97: =IF(V97>20, "Si", "No") -> Si | AE97: Non occorre | AF97: 3.31 | AG97: 2674 | AH97: 3719 | AI97: =IF(AG97>AH97, "Manufatto limitante", " ") | AJ97: 1634.97 | AK97: =((MIN(AG97:AH97))-V97)/AJ97 -> 1.6217178 | AL97: =MIN(AG97:AH97)-V97 -> 2651.46 | AM97: Occorre vasca volano | AN97: No | AP97: fare domanda di aut - 3 scaglione | AQ97: fosso privato afferente canale consortile - n.a. | AR97: n.a. | AS97: Prot 210/2025 del 18/01/2025 | AT97: Nulla osta TDM
A98: gennaio | C98: SF-CRT-COL | D98: PP0200210010 | E98: =D98&""&$E$1 -> PP0200210010001B | G98: Curtatone | H98: Buscoldo | I98: via Marconi incr. via Colombina | J98: 45.09149, 10.69606 | K98: Curtatone (loc. Buscoldo) | L98: Canale Lodolo | O98: di rete | P98: 656 | Q98: 0 | R98: =P98+Q98 -> 656 | S98: 1.54 | T98: 0 | U98: =T98+S98 -> 1.54 | V98: 20.49 | W98: =MAX(IF(N98="si",R98*1000/86400,R98*750/86400),IF(Q98>=(0.5*P98),(1.5*S98+T98)*2.5,(1.5*S98+T98)*2)) -> 5.6944444 | X98: =V98/U98 -> 13.305195 | Y98: =IF(V98>W98, "è in grado", "non è in grado") -> è in grado | Z98: =IF(R98>10000, "sottende", "non sottende") -> non sottende | AA98: =V98/W98 -> 3.5982439 | AB98: =IF(R98>10000, "B", IF(AA98>=2, "A", "B")) -> A | AC98: =IF(O98="di testa rete",IF(V98>W98,"SI","NO"),IF(V98>20,IF(V98>(W98+0.001),"SI","NO"),IF(V98<(W98+0.001),"NO",IF(O98="in testa impianto sollevamento","SI",IF(O98="in testa impianto di depurazione",IF(K98="Ponti sul Mincio (Capoluogo)","NO","SI"),"NO"))))) -> SI | AD98: =IF(V98>20, "Si", "No") -> Si | AE98: Non occorre | AF98: 24.63 | AG98: 2304 | AH98: 3262 | AI98: =IF(AG98>AH98, "Manufatto limitante", " ") | AJ98: 199.22 | AK98: =((MIN(AG98:AH98))-V98)/AJ98 -> 11.462253 | AL98: =MIN(AG98:AH98)-V98 -> 2283.51 | AM98: Occorre vasca volano | AN98: No | AO98: 47510 | AP98: ATTO DIRIGENZIALE n° PD 634 del 24/04/2025 | AQ98: TDM | AS98: Richiesta fatta in data 22.12.2020 - NO RISPOSTA
C99: SF-CRT-DON | D99: PP0200210009 | E99: =D99&""&$E$1 -> PP0200210009001B | G99: Curtatone | H99: Levata | I99: via Donatori di Sangue | J99: 45.1285, 10.77264 | K99: Mantova | L99: Canale Paiolo Alto | M99: pompato | O99: in testa impianto sollevamento | P99: 3474 | Q99: 6 | R99: =P99+Q99 -> 3480 | S99: 8.17 | T99: 0.12 | U99: =T99+S99 -> 8.29 | V99: 37 | W99: =MAX(IF(N99="si",R99*1000/86400,R99*750/86400),IF(Q99>=(0.5*P99),(1.5*S99+T99)*2.5,(1.5*S99+T99)*2)) -> 30.208333 | X99: =V99/U99 -> 4.4632087 | Y99: =IF(V99>W99, "è in grado", "non è in grado") -> è in grado | Z99: =IF(R99>10000, "sottende", "non sottende") -> non sottende | AA99: =V99/W99 -> 1.2248276 | AB99: =IF(R99>10000, "B", IF(AA99>=2, "A", "B")) -> B | AC99: =IF(O99="di testa rete",IF(V99>W99,"SI","NO"),IF(V99>20,IF(V99>(W99+0.001),"SI","NO"),IF(V99<(W99+0.001),"NO",IF(O99="in testa impianto sollevamento","SI",IF(O99="in testa impianto di depurazione",IF(K99="Ponti sul Mincio (Capoluogo)","NO","SI"),"NO"))))) -> SI | AD99: =IF(V99>20, "Si", "No") -> Si | AE99: occorre vasca di accumulo o sistema di trattamento | AF99: 43.46 | AG99: 5210 | AH99: 15972 | AI99: =IF(AG99>AH99, "Manufatto limitante", " ") | AJ99: 179.91 | AK99: =((MIN(AG99:AH99))-V99)/AJ99 -> 28.753266 | AL99: =MIN(AG99:AH99)-V99 -> 5173 | AM99: Occorre vasca volano | AN99: Si | AO99: 47217 | AP99: ATTO DIRIGENZIALE n° PD / 580 09/04/2025 | AQ99: TDM | AR99: 52597 | AS99: Rep. n° 590/2025 del 18/01/2025
C100: SF-CRT-ERE | E100: =D100&""&$E$1 -> 001B | G100: Curtatone | H100: Eremo | I100: Strada Eremo,1 | J100: 45.13954, 10.7357 | K100: Mantova | L100: scolo Fossaviva e torrente Gambari | M100: tramite condotta meteo | O100: di rete | P100: 203 | Q100: 0 | R100: =P100+Q100 -> 203 | S100: 0.48 | T100: 0 | U100: =T100+S100 -> 0.48 | V100: 44.2 | W100: =MAX(IF(N100="si",R100*1000/86400,R100*750/86400),IF(Q100>=(0.5*P100),(1.5*S100+T100)*2.5,(1.5*S100+T100)*2)) -> 1.7621528 | X100: =V100/U100 -> 92.083333 | Y100: =IF(V100>W100, "è in grado", "non è in grado") -> è in grado | Z100: =IF(R100>10000, "sottende", "non sottende") -> non sottende | AA100: =V100/W100 -> 25.082956 | AB100: =IF(R100>10000, "B", IF(AA100>=2, "A", "B")) -> A | AC100: =IF(O100="di testa rete",IF(V100>W100,"SI","NO"),IF(V100>20,IF(V100>(W100+0.001),"SI","NO"),IF(V100<(W100+0.001),"NO",IF(O100="in testa impianto sollevamento","SI",IF(O100="in testa impianto di depurazione",IF(K100="Ponti sul Mincio (Capoluogo)","NO","SI"),"NO"))))) -> SI | AD100: =IF(V100>20, "Si", "No") -> Si | AE100: Non occorre | AF100: 4.06 | AG100: 422 | AH100: 1111 | AI100: =IF(AG100>AH100, "Manufatto limitante", " ") | AJ100: 194.08 | AK100: =((MIN(AG100:AH100))-V100)/AJ100 -> 1.94662 | AL100: =MIN(AG100:AH100)-V100 -> 377.8 | AM100: Occorre vasca volano | AN100: No | AP100: in meteo - chiedere al comune | AQ100: n.a. - rete meteorica in fosso afferente | AR100: n.a. | AS100: Prot 210/2025 del 18/01/2025 | AT100: Nulla osta TDM
...

Sheet AIMAG
B1: Codice | C1: Cod Prov Manufa SF | D1: Cod Prov Scarico SF | E1: Note | F1: COMUNE | G1: LOCALITA | H1: UBICAZIONE | I1: Coordinate | J1: DEPURATORE ASSOCIATO | K1: RECAPITO EMISSARIO | L1: Tipo di scarico | M1: Scarica a lago o suolo? (serve per il calcolo automatico di Pavv) | N1: TIPO | O1: AE CIV | P1: AE IND | Q1: AE TOT | R1: Q CIV [l/s] | S1: Q IND [l/s] | T1: Qnm [l/s] | U1: Qs [l/s] | V1: Pavv [l/s] | W1: Qs/Qnm | X1: Qs > Pavv | Y1: 10'000 AE | Z1: Qs/Pavv | AA1: TIPOLOGIA | AB1: è conforme? | AC1: Qs>20 | AD1: Vasca RR | AE1: Bacino proprio (ha) | AF1: Q meteo in ingresso al manufatto (l/s) | AG1: Q limite ingresso al manufatto (l/s) | AH1: Manufatto limitante | AI1: Portata specifica allo scarico [l/s haimp] | AJ1: Sup imp [ha] | AK1: Qscolmata [l/s] | AL1: Vasca PTUA | AM1: Scadenza autorizzazione Provincia | AN1: Atto Provincia n° | AO1: Consorzio competente | AP1: Scadenza concessione Consorzio | AQ1: Atto Consorzio n° | AR1: Note AUT./CONC.
C2: PP0200350001 | D2: =C2&""&'Tabella riassuntiva'!$E$1 -> PP0200350001001B | F2: Moglia | H2: SP50 Suzzara-Moglia | J2: MOGLIA | K2: fosso collegato canale Ceriaga Margonazza | AM2: 2029 | AN2: ATTO DIRIGENZIALE n° PD / 356 del 28/02/2025 | AO2: Gonzaga in dx Po
C3: PP0200350002 | D3: =C3&""&'Tabella riassuntiva'!$E$1 -> PP0200350002001B | F3: Moglia | H3: via IV Novembre | J3: MOGLIA | K3: Fosso collegato al canale Magnariso | AM3: 2029 | AN3: ATTO DIRIGENZIALE n° PD / 356 del 28/02/2025 | AO3: Gonzaga in dx Po
C4: PP0200350004 | D4: =C4&""&'Tabella riassuntiva'!$E$1 -> PP0200350004001B | F4: Moglia | H4: Via Lunga | J4: MOGLIA | K4: Canale Via Lunga | AM4: 2029 | AN4: ATTO DIRIGENZIALE n° PD / 356 del 28/02/2025 | AO4: Gonzaga in dx Po
C5: PP0200350006 | D5: =C5&""&'Tabella riassuntiva'!$E$1 -> PP0200350006001B | F5: Moglia | H5: via Tangenziale Nord | J5: MOGLIA | K5: Fosso collegato al canale Ceriaga-Margonazza | AM5: 2029 | AN5: ATTO DIRIGENZIALE n° PD / 356 del 28/02/2025 | AO5: Gonzaga in dx Po
C6: PP0200350007 | D6: =C6&""&'Tabella riassuntiva'!$E$1 -> PP0200350007001B | F6: Moglia | H6: via Tangenziale Nord | J6: MOGLIA | K6: Fosso collegato al canale Ceriaga-Margonazza | AM6: 2029 | AN6: ATTO DIRIGENZIALE n° PD / 356 del 28/02/2025 | AO6: Gonzaga in dx Po
C7: PP0200350010 | D7: =C7&""&'Tabella riassuntiva'!$E$1 -> PP0200350010001B | F7: Moglia | H7: Via U. Foscolo | J7: MOGLIA | K7: Canale collegato allo scolo Busatello Vecchio | AM7: 2029 | AN7: ATTO DIRIGENZIALE n° PD / 356 del 28/02/2025 | AO7: Gonzaga in dx Po
C8: PP0200350012 | D8: =C8&""&'Tabella riassuntiva'!$E$1 -> PP0200350012001B | F8: Moglia | H8: Via Lunga incrocio Via IV Novembre | J8: MOGLIA | K8: Canale Via Lunga | AM8: 2029 | AN8: ATTO DIRIGENZIALE n° PD / 356 del 28/02/2025 | AO8: Gonzaga in dx Po
C9: PP0200350011 | D9: =C9&""&'Tabella riassuntiva'!$E$1 -> PP0200350011001B | F9: Moglia | H9: Via Lunga incrocio Via Michelangelo | J9: MOGLIA | K9: Canale Via Lunga | AM9: 2029 | AN9: ATTO DIRIGENZIALE n° PD / 356 del 28/02/2025 | AO9: Gonzaga in dx Po
C10: PP0200350003 | D10: =C10&""&'Tabella riassuntiva'!$E$1 -> PP0200350003001B | F10: Moglia | G10: Bondanello | H10: via Trivellano | J10: BONDANELLO | K10: Canale Bondanello | AM10: 2028 | AN10: ATTO DIRIGENZIALE n° PD / 490 del 26/03/2024 | AO10: Gonzaga in dx Po
C11: PP0200350005 | D11: =C11&""&'Tabella riassuntiva'!$E$1 -> PP0200350005001B | F11: Moglia | G11: Bondanello | H11: via Coazze | J11: BONDANELLO | K11: Canale Bondanello | AM11: 2028 | AN11: ATTO DIRIGENZIALE n° PD / 490 del 26/03/2024 | AO11: Gonzaga in dx Po
C12: PP0200350008 | D12: =C12&""&'Tabella riassuntiva'!$E$1 -> PP0200350008001B | F12: Moglia | G12: Bondanello | H12: incrocio tra via IV Novembre e via Pertini | J12: BONDANELLO | K12: scolina stradale in fregio a via IV Novembre | AM12: 2028 | AN12: ATTO DIRIGENZIALE n° PD / 490 del 26/03/2024 | AO12: Gonzaga in dx Po
B13: MOG-SC-09 | C13: - | D13: =C13&""&'Tabella riassuntiva'!$E$1 -> -001B | F13: Moglia | H13: via de amicis N.9 | J13: MOGLIA | K13: Canale collegato al cavo Busatello Vecchio tramite condotta meteo | L13: condotta meteo | AO13: Gonzaga in dx Po
C14: PP0200580001 | D14: =C14&""&'Tabella riassuntiva'!$E$1 -> PP0200580001001B | F14: San Giovanni del Dosso | H14: Via Roma c/o ex depuratore di San Giovanni del Dosso | J14: POGGIO RUSCO | K14: Fossetta delle Pietre | AM14: 2028 | AN14: ATTO DIRIGENZIALE n° PD / 414 del 08/03/2024 | AO14: BURANA | AP14: 2024 | AQ14: 7597/94 | AR14: rilasciato al comune
C15: PP0200580002 | D15: =C15&""&'Tabella riassuntiva'!$E$1 -> PP0200580002001B | F15: San Giovanni del Dosso | H15: Via D. Dossi | J15: POGGIO RUSCO | K15: Fossetta delle Pietre | AM15: 2028 | AN15: ATTO DIRIGENZIALE n° PD / 414 del 08/03/2024
C16: PP0200420014 | D16: =C16&""&'Tabella riassuntiva'!$E$1 -> PP0200420014001B | F16: Poggio Rusco | G16: loc. La Montata | H16: loc. La Montata | J16: POGGIO RUSCO | K16: Dugale Vangadizza | AM16: 2028 | AN16: ATTO DIRIGENZIALE n° PD / 414 del 08/03/2024
C17: PP0200420003 | D17: =C17&""&'Tabella riassuntiva'!$E$1 -> PP0200420003001B | F17: Poggio Rusco | H17: Via Abetone Brennero | J17: POGGIO RUSCO | K17: Fossetta Piva | AM17: 2028 | AN17: ATTO DIRIGENZIALE n° PD / 414 del 08/03/2024
C18: PP0200420011 | D18: =C18&""&'Tabella riassuntiva'!$E$1 -> PP0200420011001B | F18: Poggio Rusco | H18: Via Martiri della Libertà | J18: POGGIO RUSCO | K18: Fossetta Piva | AM18: 2028 | AN18: ATTO DIRIGENZIALE n° PD / 414 del 08/03/2024 | AO18: BURANA | AQ18: 13773/2023
C19: PP0200420010 | D19: =C19&""&'Tabella riassuntiva'!$E$1 -> PP0200420010001B | F19: Poggio Rusco | H19: Via G. Garibaldi incrocio Via Torino | J19: POGGIO RUSCO | K19: Fossetta Piva | AM19: 2028 | AN19: ATTO DIRIGENZIALE n° PD / 414 del 08/03/2024 | AO19: BURANA | AQ19: 10038/2020
C20: PP0200420009 | D20: =C20&""&'Tabella riassuntiva'!$E$1 -> PP0200420009001B | F20: Poggio Rusco | H20: Via L. Einaudi | J20: POGGIO RUSCO | K20: Fosso Verdonda | AM20: 2028 | AN20: ATTO DIRIGENZIALE n° PD / 414 del 08/03/2024 | AO20: BURANA | AQ20: 7971/2020
C21: PP0200420006 | D21: =C21&""&'Tabella riassuntiva'!$E$1 -> PP0200420006001B | F21: Poggio Rusco | H21: Via Carnevale | J21: POGGIO RUSCO | K21: Fosso Verdonda | AM21: 2028 | AN21: ATTO DIRIGENZIALE n° PD / 414 del 08/03/2024 | AO21: BURANA | AQ21: 7972/2020
C22: PP0200420004 | D22: =C22&""&'Tabella riassuntiva'!$E$1 -> PP0200420004001B | F22: Poggio Rusco | H22: Via Bastiglia | J22: POGGIO RUSCO | K22: Fossa Nasina | AM22: 2028 | AN22: ATTO DIRIGENZIALE n° PD / 414 del 08/03/2024 | AO22: BURANA | AQ22: 13772/2023
C23: PP0200420016 | D23: =C23&""&'Tabella riassuntiva'!$E$1 -> PP0200420016001B | F23: Poggio Rusco | G23: loc. Pinzone | H23: c/o ex depuratore in Via Pinzone | J23: POGGIO RUSCO | K23: Fossa Nasina | AM23: 2028 | AN23: ATTO DIRIGENZIALE n° PD / 414 del 08/03/2024 | AO23: BURANA | AQ23: 13790/2023
C24: PP0200420015 | D24: =C24&""&'Tabella riassuntiva'!$E$1 -> PP0200420015001B | F24: Poggio Rusco | G24: loc. Pinzone | H24: Via Pinzone | J24: POGGIO RUSCO | K24: Fossa Nasina | AM24: 2028 | AN24: ATTO DIRIGENZIALE n° PD / 414 del 08/03/2024 | AO24: BURANA | AQ24: 13790/2023
C25: PP0200420008 | D25: =C25&""&'Tabella riassuntiva'!$E$1 -> PP0200420008001B | F25: Poggio Rusco | H25: Via del Lavoro incrocio S.S. 12 | J25: POGGIO RUSCO | K25: Fossetta Piva | AM25: 2028 | AN25: ATTO DIRIGENZIALE n° PD / 414 del 08/03/2024 | AO25: BURANA | AQ25: 13786/2023
C26: PP0200420007 | D26: =C26&""&'Tabella riassuntiva'!$E$1 -> PP0200420007001B | F26: Poggio Rusco | H26: Via del Lavoro | J26: POGGIO RUSCO | K26: Fosso Verdonda | AM26: 2028 | AN26: ATTO DIRIGENZIALE n° PD / 414 del 08/03/2024 | AO26: BURANA | AQ26: 10039/2020
C27: PP0200420001 | D27: =C27&""&'Tabella riassuntiva'!$E$1 -> PP0200420001001B | F27: Poggio Rusco | H27: Via Quattrocase | J27: POGGIO RUSCO | K27: Dugale Vangadizza | AM27: 2028 | AN27: ATTO DIRIGENZIALE n° PD / 414 del 08/03/2024 | AO27: BURANA | AQ27: 10710/03 /o 10037/2020 | AR27: quale è quella giusta
C28: PP0200420005 | D28: =C28&""&'Tabella riassuntiva'!$E$1 -> PP0200420005001B | F28: Poggio Rusco | H28: Via Borgo | J28: POGGIO RUSCO | K28: Dugale Vangadizza | AM28: 2028 | AN28: ATTO DIRIGENZIALE n° PD / 414 del 08/03/2024 | AO28: BURANA | AQ28: 13787/2023
C29: PP0200420002 | D29: =C29&""&'Tabella riassuntiva'!$E$1 -> PP0200420002001B | F29: Poggio Rusco | H29: Via G. Galilei, incrocio con Via Abetone Brennero | J29: POGGIO RUSCO | K29: Fossetta delle Pietre | AM29: 2028 | AN29: ATTO DIRIGENZIALE n° PD / 414 del 08/03/2024
C30: PP0200420017 | D30: =C30&""&'Tabella riassuntiva'!$E$1 -> PP0200420017001B | F30: Poggio Rusco | H30: Via T. Massarani | J30: POGGIO RUSCO | K30: Fossetta delle Pietre | AM30: 2028 | AN30: ATTO DIRIGENZIALE n° PD / 414 del 08/03/2024
B31: SGD-SC-03 | C31: - | D31: =C31&""&'Tabella riassuntiva'!$E$1 -> -001B | F31: San Giovanni del Dosso | H31: via San Giovanni del Dosso | J31: POGGIO RUSCO | K31: Fossetta delle Pietre tramite condotta meteo | L31: condotta meteo | M31: condotta meteo | N31: condotta meteo | O31: condotta meteo | P31: condotta meteo | Q31: condotta meteo | R31: condotta meteo | S31: condotta meteo | T31: condotta meteo | U31: condotta meteo | V31: condotta meteo | W31: condotta meteo | X31: condotta meteo | Y31: condotta meteo | Z31: condotta meteo | AA31: condotta meteo | AB31: condotta meteo | AC31: condotta meteo | AD31: condotta meteo | AE31: condotta meteo | AF31: condotta meteo | AG31: condotta meteo | AH31: condotta meteo | AI31: condotta meteo | AJ31: condotta meteo | AK31: condotta meteo | AL31: condotta meteo
C32: PP0200420013 | D32: =C32&""&'Tabella riassuntiva'!$E$1 -> PP0200420013001B | F32: Poggio Rusco | G32: loc. Drangoncello | H32: via stoppiaro | J32: DRANGONCELLO | K32: Cavettino Dragoncello | AM32: 2027 | AN32: ATTO DIRIGENZIALE n° PD / 2090 del 19/12/2023 | AO32: BURANA | AQ32: 7968/2020
C33: PP0200420012 | D33: =C33&""&'Tabella riassuntiva'!$E$1 -> PP0200420012001B | F33: Poggio Rusco | H33: via stoppiaro | J33: DRANGONCELLO | K33: Cavettino Dragoncello | AM33: 2027 | AN33: ATTO DIRIGENZIALE n° PD / 2090 del 19/12/2023 | AO33: BURANA | AQ33: 7970/2020
C34: PP0200730002 | D34: =C34&""&'Tabella riassuntiva'!$E$1 -> PP0200730002001B | F34: Borgofranco sul Po | H34: via Bancare Seconda Traversa | J34: REVERE | K34: Redefossi Bancare | AM34: 2028 | AN34: ATTO DIRIGENZIALE n° PD 1971 del 30/11/2023 | AO34: Gonzaga in dx Po | AQ34: Prot. n° 3038 Anno 2023
C35: PP0200720001 | D35: =C35&""&'Tabella riassuntiva'!$E$1 -> PP0200720001001B | F35: Borgofranco sul Po | G35: loc. Bonizzo | H35: Via Casoni | J35: REVERE | K35: Dugale Redefossi 1° | AM35: 2028 | AN35: ATTO DIRIGENZIALE n° PD 1971 del 30/11/2023 | AO35: Gonzaga in dx Po | AQ35: Prot. n° 3023 Anno 2023
C36: PP0200720004 | D36: =C36&""&'Tabella riassuntiva'!$E$1 -> PP0200720004001B | F36: Borgo Mantovano | H36: via U. Foscolo | J36: REVERE | K36: Dugale Lavacollo | AM36: 2028 | AN36: ATTO DIRIGENZIALE n° PD 1971 del 30/11/2023 | AO36: Gonzaga in dx Po | AQ36: Prot. n° 3008 Anno 2023 | AR36: esiste un atto di AIMAG che chiede rimozione della concessione perchè è stato dismesso
C37: PP0200720005 | D37: =C37&""&'Tabella riassuntiva'!$E$1 -> PP0200720005001B | F37: Borgo Mantovano | H37: via G. di Vittorio | J37: REVERE | K37: Dugale Lavacollo | L37: testa impianto | AM37: 2028 | AN37: ATTO DIRIGENZIALE n° PD 1971 del 30/11/2023 | AO37: Gonzaga in dx Po | AQ37: Prot. n° 3002 Anno 2023
C38: PP0200720009 | D38: =C38&""&'Tabella riassuntiva'!$E$1 -> PP0200720009001B | F38: Borgo Mantovano | H38: via G. di Vittorio | J38: REVERE | K38: Dugale Lavacollo | AM38: 2028 | AN38: ATTO DIRIGENZIALE n° PD 1971 del 30/11/2023
C39: PP0200720010 | D39: =C39&""&'Tabella riassuntiva'!$E$1 -> PP0200720010001B | F39: Borgo Mantovano | H39: via G. Rossa | J39: REVERE | K39: Dugale Lavacollo | AM39: 2028 | AN39: ATTO DIRIGENZIALE n° PD 1971 del 30/11/2023 | AO39: Gonzaga in dx Po | AQ39: 0826/17 rep 591
B40: BOR-SC-03 | C40: - | D40: =C40&""&'Tabella riassuntiva'!$E$1 -> -001B | F40: Borgo Mantovano | H40: incrocio fra via Virgilio e via Don Ferrari | J40: REVERE | K40: Dugale Redefossi | L40: condotta meteo
B41: REV-SC-03 | C41: - | D41: =C41&""&'Tabella riassuntiva'!$E$1 -> -001B | F41: Borgo Mantovano | H41: via Fancelli | J41: REVERE | K41: Dugale Lavacollo | L41: condotta meteo
B42: REV-SC-04 | C42: - | D42: =C42&""&'Tabella riassuntiva'!$E$1 -> -001B | F42: Borgo Mantovano | H42: Incrocio fra via Nenni e via Tamassia | J42: REVERE | K42: Dugale Lavacollo | L42: condotta meteo
B43: REV-SC-05 | C43: - | D43: =C43&""&'Tabella riassuntiva'!$E$1 -> -001B | F43: Borgo Mantovano | H43: via Grandi incrocio con via Buozzi | J43: REVERE | K43: Dugale Lavacollo | L43: condotta meteo | M43: REVERE | N43: Dugale Lavacollo | O43: condotta meteo | P43: REVERE | Q43: Dugale Lavacollo | R43: condotta meteo | S43: REVERE | T43: Dugale Lavacollo | U43: condotta meteo | V43: REVERE | W43: Dugale Lavacollo | X43: condotta meteo | Y43: REVERE | Z43: Dugale Lavacollo | AA43: condotta meteo | AB43: REVERE | AC43: Dugale Lavacollo | AD43: condotta meteo | AE43: REVERE | AF43: Dugale Lavacollo | AG43: condotta meteo | AH43: REVERE | AI43: Dugale Lavacollo | AJ43: condotta meteo | AK43: REVERE | AL43: Dugale Lavacollo
B44: REV-SC-08 | C44: - | D44: =C44&""&'Tabella riassuntiva'!$E$1 -> -001B | F44: Borgo Mantovano | H44: via Marcora | J44: REVERE | K44: Dugale Lavacollo | L44: condotta meteo
C45: PP0200470001 | D45: =C45&""&'Tabella riassuntiva'!$E$1 -> PP0200470001001B | F45: Quistello | H45: via Cà Rossa | J45: QUISTELLO | K45: Dugale Tele | AM45: 2025 | AN45: ATTO DIRIGENZIALE n° PD 1393 del 18/11/2022 | AO45: Gonzaga in dx Po | AP45: 2040 | AQ45: Prot. 0640/21
C46: PP0200470002 | D46: =C46&""&'Tabella riassuntiva'!$E$1 -> PP0200470002001B | F46: Quistello | H46: via G. Oberdan | J46: QUISTELLO | K46: Dugale Piazza di Quistello | AM46: 2025 | AN46: ATTO DIRIGENZIALE n° PD 1393 del 18/11/2022 | AO46: Gonzaga in dx Po | AP46: =2020+19 -> 2039 | AQ46: Prot. 2929/20 rep. 758
C47: PP0200470003 | D47: =C47&""&'Tabella riassuntiva'!$E$1 -> PP0200470003001B | F47: Quistello | H47: viale Rainera | J47: QUISTELLO | K47: Dugale Piazza di Quistello | AM47: 2025 | AN47: ATTO DIRIGENZIALE n° PD 1393 del 18/11/2022 | AO47: Gonzaga in dx Po | AP47: =2022+19 -> 2041 | AQ47: Prot. 0650/22 rep. 835
C48: PP0200470004 | D48: =C48&""&'Tabella riassuntiva'!$E$1 -> PP0200470004001B | F48: Quistello | H48: via G. Oberdan | J48: QUISTELLO | K48: tratto tombato del fosso di guardia del Canale Sabbioncello | AM48: 2025 | AN48: ATTO DIRIGENZIALE n° PD 1393 del 18/11/2022 | AO48: Fosso Privato - parere BURANA | AQ48: prot. 0007744/2022
C49: PP0200470005 | D49: =C49&""&'Tabella riassuntiva'!$E$1 -> PP0200470005001B | F49: Quistello | H49: via XX Settembre | J49: QUISTELLO | K49: tratto tombato del fosso di guardia del Canale Sabbioncello | AM49: 2025 | AN49: ATTO DIRIGENZIALE n° PD 1393 del 18/11/2022 | AO49: Fosso Privato - parere BURANA | AQ49: prot. 0007744/2022
C50: PP0200470006 | D50: =C50&""&'Tabella riassuntiva'!$E$1 -> PP0200470006001B | F50: Quistello | H50: via Virgilio | J50: QUISTELLO | K50: tratto tombato del fosso di guardia del Canale Sabbioncello | AM50: 2025 | AN50: ATTO DIRIGENZIALE n° PD 1393 del 18/11/2022 | AO50: Fosso Privato - parere BURANA | AQ50: prot. 0007744/2022
C51: PP0200470007 | D51: =C51&""&'Tabella riassuntiva'!$E$1 -> PP0200470007001B | F51: Quistello | H51: viale Rainera | J51: QUISTELLO | K51: tratto tombato del fosso di guardia del Canale Sabbioncello | AM51: 2025 | AN51: ATTO DIRIGENZIALE n° PD 1393 del 18/11/2022 | AO51: Fosso Privato - parere BURANA | AQ51: prot. 0007744/2022
C52: PP0200470008 | D52: =C52&""&'Tabella riassuntiva'!$E$1 -> PP0200470008001B | F52: Quistello | H52: via S. Allende, incrocio via Sordello | J52: QUISTELLO | K52: tratto tombato del fosso di guardia del Canale Sabbioncello | AM52: 2025 | AN52: ATTO DIRIGENZIALE n° PD 1393 del 18/11/2022 | AO52: Fosso Privato - parere BURANA | AQ52: prot. 0007744/2022
C53: PP0200560001 | D53: =C53&""&'Tabella riassuntiva'!$E$1 -> PP0200560001001B | F53: San Giacomo delle Segnate | H53: via G. Marconi, c/o ex depuratore | J53: QUISTELLO | K53: fosso di guardia del Canale Sabbioncello | AM53: 2025 | AN53: ATTO DIRIGENZIALE n° PD 1393 del 18/11/2022 | AO53: Fosso Privato - parere Gonzaga dx Po | AQ53: PEC del 15/05/2023
C54: PP0200560004 | D54: =C54&""&'Tabella riassuntiva'!$E$1 -> PP0200560004001B | F54: San Giacomo delle Segnate | H54: via G. Ferrari, incrocio via G. Verdi | J54: QUISTELLO | K54: fosso di competenza comunale afferente al Canale di Poggio Rusco | AM54: 2025 | AN54: ATTO DIRIGENZIALE n° PD 1393 del 18/11/2022 | AO54: Gonzaga in dx Po
C55: PP0200560005 | D55: =C55&""&'Tabella riassuntiva'!$E$1 -> PP0200560005001B | F55: San Giacomo delle Segnate | H55: via G. Verdi | J55: QUISTELLO | K55: fosso di competenza comunale afferente al Canale di Poggio Rusco | AM55: 2025 | AN55: ATTO DIRIGENZIALE n° PD 1393 del 18/11/2022 | AO55: Gonzaga in dx Po
C56: PP0200560006 | D56: =C56&""&'Tabella riassuntiva'!$E$1 -> PP0200560006001B | F56: San Giacomo delle Segnate | H56: G. Matteotti | J56: QUISTELLO | K56: fosso di competenza comunale afferente al Canale di Poggio Rusco | AM56: 2025 | AN56: ATTO DIRIGENZIALE n° PD 1393 del 18/11/2022 | AO56: Gonzaga in dx Po
C57: PP0200560007 | D57: =C57&""&'Tabella riassuntiva'!$E$1 -> PP0200560007001B | F57: San Giacomo delle Segnate | H57: via U. Roncada, incrocio via G. Matteotti | J57: QUISTELLO | K57: fosso di competenza comunale afferente al Canale di Poggio Rusco | AM57: 2025 | AN57: ATTO DIRIGENZIALE n° PD 1393 del 18/11/2022 | AO57: Gonzaga in dx Po
C58: PP0200560008 | D58: =C58&""&'Tabella riassuntiva'!$E$1 -> PP0200560008001B | F58: San Giacomo delle Segnate | H58: via Cantone, incrocio via L. da Vinci | J58: QUISTELLO | K58: fosso afferente allo Scaricatore Mobigliante | AM58: 2025 | AN58: ATTO DIRIGENZIALE n° PD 1393 del 18/11/2022 | AO58: Gonzaga in dx Po
C59: PP0200560010 | D59: =C59&""&'Tabella riassuntiva'!$E$1 -> PP0200560010001B | F59: San Giacomo delle Segnate | G59: località Malcantone | H59: via Donismonda | J59: QUISTELLO | K59: fosso di guardia del canale Gronda Sud | AM59: 2025 | AN59: ATTO DIRIGENZIALE n° PD 1393 del 18/11/2022 | AO59: Gonzaga in dx Po | AP59: =2022+19 -> 2041 | AQ59: Prot. 1521/22
C60: PP0200560011 | D60: =C60&""&'Tabella riassuntiva'!$E$1 -> PP0200560011001B | F60: San Giacomo delle Segnate | G60: località Malcantone | H60: via Donismonda | J60: QUISTELLO | K60: fosso di guardia del canale Gronda Sud | AM60: 2025 | AN60: ATTO DIRIGENZIALE n° PD 1393 del 18/11/2022 | AO60: Gonzaga in dx Po | AP60: =2022+19 -> 2041 | AQ60: Prot. 1522/22
C61: PP0200560012 | D61: =C61&""&'Tabella riassuntiva'!$E$1 -> PP0200560012001B | F61: San Giacomo delle Segnate | H61: via M. Polo | J61: QUISTELLO | K61: fosso di guardia del canale Gronda Sud | AM61: 2025 | AN61: ATTO DIRIGENZIALE n° PD 1393 del 18/11/2022 | AO61: Gonzaga in dx Po | AP61: 2041 | AQ61: Prot. n° 1404 Anno 2022
C62: PP0200560013 | D62: =C62&""&'Tabella riassuntiva'!$E$1 -> PP0200560013001B | F62: San Giacomo delle Segnate | H62: via A. Vespucci | J62: QUISTELLO | K62: fosso di guardia del canale Gronda Sud | AM62: 2025 | AN62: ATTO DIRIGENZIALE n° PD 1393 del 18/11/2022 | AO62: Gonzaga in dx Po | AP62: 2041 | AQ62: Prot. n° 1405 Anno 2022
B63: SGS-SC-02 | C63: - | D63: =C63&""&'Tabella riassuntiva'!$E$1 -> -001B | F63: San Giacomo delle Segnate | H63: via Leonardo da Vinci | J63: QUISTELLO | K63: Dugale Mobigliante | L63: condotta meteo | AO63: Gonzaga in dx Po
B64: SGS-SC-05 | C64: - | D64: =C64&""&'Tabella riassuntiva'!$E$1 -> -001B | F64: San Giacomo delle Segnate | H64: via Marconi | J64: QUISTELLO | K64: tramite un fosso allo scaricatore Portazzoletto | L64: condotta meteo | M64: condotta meteo | N64: condotta meteo | O64: condotta meteo | P64: condotta meteo | Q64: condotta meteo | R64: condotta meteo | S64: condotta meteo | T64: condotta meteo | U64: condotta meteo | V64: condotta meteo | W64: condotta meteo | X64: condotta meteo | Y64: condotta meteo | Z64: condotta meteo | AA64: condotta meteo | AB64: condotta meteo | AC64: condotta meteo | AD64: condotta meteo | AE64: condotta meteo | AF64: condotta meteo | AG64: condotta meteo | AH64: condotta meteo | AI64: condotta meteo | AJ64: condotta meteo | AK64: condotta meteo | AL64: condotta meteo | AO64: Gonzaga in dx Po
B65: SGS-SC-012 | C65: - | D65: =C65&""&'Tabella riassuntiva'!$E$1 -> -001B | F65: San Giacomo delle Segnate | H65: a monte dell’ex-impianto di depurazione di San Giacomo delle Segnate | J65: QUISTELLO | K65: Dugale Mobigliante | L65: condotta meteo | AO65: Gonzaga in dx Po
B66: QUI-SC-10 | C66: - | D66: =C66&""&'Tabella riassuntiva'!$E$1 -> -001B | F66: Quistello | H66: Via Basaglie | J66: QUISTELLO | K66: Dugale Redefossi | L66: condotta meteo
D67: =C67&""&'Tabella riassuntiva'!$E$1 -> 001B
D68: =C68&""&'Tabella riassuntiva'!$E$1 -> 001B
D69: =C69&""&'Tabella riassuntiva'!$E$1 -> 001B
D70: =C70&""&'Tabella riassuntiva'!$E$1 -> 001B
D71: =C71&""&'Tabella riassuntiva'!$E$1 -> 001B
D72: =C72&""&'Tabella riassuntiva'!$E$1 -> 001B
D73: =C73&""&'Tabella riassuntiva'!$E$1 -> 001B
D74: =C74&""&'Tabella riassuntiva'!$E$1 -> 001B

Sheet SFIORI SCADUTI
B1: Inadempienza provincia - chidere info | G1: PRIORITà ENTRO MARZ0/APRILE DECISA CON PAOLA MARAZZOLI
B2: Inadempienza nostra- mandare avanti richiesta
B3: Da capire
B5: Codice | C5: Stato materiale | D5: Note | E5: COMUNE | F5: LOCALITA | G5: UBICAZIONE | H5: Coordinate | I5: DEPURATORE ASSOCIATO | J5: RECAPITO EMISSARIO | K5: Tipo di scarico | L5: TIPO | M5: Scadenza autorizzazione Provincia | N5: Atto Provincia n° | O5: Consorzio competente | P5: Scadenza concessione Consorzio | Q5: Atto Consorzio n° | R5: Note AUT./CONC. | T5: NOTE POST PAOLA MARAZZOLI
A6: Governolo
B7: SF-RNC-LAM | C7: OK | D7: Il sollevamento ha Q fortemente limitante causa mandate piccole. Questo però è in accordo con le capacità ridotte del dep. Per cui si decide di fissare Q effettiva a 30 m3/h | E7: Roncoferraro | F7: Governolo | G7: via Lamarmora | H7: 45.0908505, 10.9640945 | I7: Roncoferraro (Governolo) | J7: Dugale di Governolo | L7: in testa impianto di depurazione | M7: 45180 | N7: n° PD / 958 del 11/09/2019 | O7: TDM | P7: IN CORSO | R7: Mandata richiesta di rinnovo in provincia in data 5.09.2023 - monitorare rilascio - SOLLECITARE?
A8: Brusatasso
B9: SF-PGN-KIN | C9: DA VERIFICARE | E9: Pegognaga | F9: Polesine | G9: Via Martin Luther King | H9: 44.984018, 10.811299 | I9: Brusatasso | J9: fosso collegato al Po Vecchio | L9: in testa impianto sollevamento | M9: 2020 | N9: n° PD / 600 del 31/03/2016 | O9: Consorzio di Bonifica Terre dei Gonzaga in Destra Po | P9: DA RICHIEDERE ? | R9: ci sono nulla osta del consorzio - necessario verificare se poi sono stati effettivamente chiusi con rilascio concessione o no
B10: SF-PGN-MAZ | C10: DA VERIFICARE | E10: Pegognaga | F10: Polesine | G10: P.za Mazzini | H10: 44.985095, 10.802363 | I10: Brusatasso | J10: Brusatasso | L10: in testa impianto sollevamento | M10: 2021 | N10: n° PD / 1508 del 22/11/2017 | O10: Consorzio di Bonifica Terre dei Gonzaga in Destra Po | P10: DA RICHIEDERE ? | R10: ci sono nulla osta del consorzio - necessario verificare se poi sono stati effettivamente chiusi con rilascio concessione o no
B11: SF-SZZ-BRU | C11: DA VERIFICARE | E11: Suzzara | F11: Capoluogo | G11: v.le Pace | H11: 44.9856333, 10.7757983 | I11: Brusatasso | J11: Canale Correggioli | L11: in testa impianto di depurazione | M11: 44807 | N11: n° PD / 989 del 03/09/2018 | O11: Consorzio di Bonifica Terre dei Gonzaga in Destra Po | P11: DA RICHIEDERE ? | R11: ci sono nulla osta del consorzio - necessario verificare se poi sono stati effettivamente chiusi con rilascio concessione o no
A12: Gerbolina
B13: SF-PMP-NOC | C13: OK | E13: Pomponesco | F13: Salina | G13: via Nocidella | H13: 44.94989734952731, 10.578134922617812 | I13: Gerbolina | J13: Fossato Salina (tratto tombato) | L13: in testa impianto sollevamento | N13: DA FARE | O13: fosso privato afferente canale consortile - n.a. | P13: DA VALUTARE | R13: Presente cartella con tutto il materiale ma non capisco se inoltrato - chiedere Laura
B14: SF-VDN-GER | C14: OK | E14: Viadana | F14: Gerbolina | G14: Via Gerbolina | H14: 44.95099, 10.54789 | I14: Gerbolina | J14: Fosso Baghella | L14: in testa impianto sollevamento | M14: 45619 | N14: n° PD / 1067 del 17/11/2020 | O14: Navarolo-Agro Cremonese Mantovano | P14: 51866 | Q14: N°1939 del 29/08/2024 | R14: IN CORSO RINNOVO AUTORIZZAZIONE - mandato in data 11/09/23
A15: Castelbelforte
B16: SF-CSB-BER | C16: DA AGGIORNARE | E16: Castelbelforte | F16: Capoluogo | G16: Via Bersaglieri | H16: 45.21922526256204, 10.892481471677195 | I16: Castelbelforte (Capoluogo) | L16: di testa rete | N16: DA FARE | O16: ??
B17: SF-CSB-CAV | C17: DA AGGIORNARE | E17: Castelbelforte | F17: Capoluogo | G17: Via Cavour 51 | H17: 45.20981, 10.890266 | I17: Castelbelforte (Capoluogo) | J17: Fossa Molinella | L17: in testa impianto sollevamento | M17: 44674 | N17: n° PD / 481 del 20/04/2018 | O17: Regione Lombardia - SIPIUI | P17: DA RICHIEDERE
B18: SF-CSB-CSB | C18: DA AGGIORNARE | E18: Castelbelforte | F18: Capoluogo | G18: c/o impianto di depurazione | H18: 45.208606, 10.89703 | I18: Castelbelforte (Capoluogo) | J18: Fossetta Castelbelforte | L18: in testa impianto di depurazione | N18: n° PD 480 del 20/04/2018 | O18: TDM | P18: DA RICHIEDERE
B19: SF-CSB-DON | C19: DA AGGIORNARE | E19: Castelbelforte | F19: Capoluogo | G19: via Donatori AVIS | H19: 45.21893741810397, 10.893251048471777 | I19: Castelbelforte (Capoluogo) | L19: di testa rete | N19: DA FARE | O19: ??
B20: SF-CSB-PAR | C20: DA AGGIORNARE | E20: Castelbelforte | F20: Capoluogo | G20: Via Boselli/Via Mazzini | H20: 45.215997, 10.894037 | I20: Castelbelforte (Capoluogo) | J20: Roggia Essere (da Staz. Soll. acque bianche CSB-MAZ) | K20: pompato | L20: di rete | M20: 2017 | N20: n° 22/112 del 4/06/2013 | O20: TDM | P20: DA RICHIEDERE | R20: IN RINNOVO dal 2016? non l'ho trovato
B21: SF-CSB-PES | C21: DA AGGIORNARE | E21: Castelbelforte | F21: Capoluogo | G21: Via Pescine, 6 | H21: 45.2177, 10.895779 | I21: Castelbelforte (Capoluogo) | J21: Allegrezzola di Castelbelforte | K21: pompato | L21: in testa impianto sollevamento | M21: 44674 | N21: n° PD / 482 DEL 20/04/2018 | O21: Regione Lombardia - SIPIUI | P21: DA RICHIEDERE
B22: SF-CSB-ROS | C22: DA AGGIORNARE | E22: Castelbelforte | F22: Capoluogo | G22: Via Rossa/Via Marconi | H22: 45.212445, 10.896071 | I22: Castelbelforte (Capoluogo) | J22: Roggia Essere (da Staz. Soll. acque bianche CSB-ROS) | K22: pompato | L22: di rete | M22: 2017 | N22: n° 22/110 del 4/06/2013 | O22: TDM | P22: DA RICHIEDERE | R22: IN RINNOVO dal 2016? non l'ho trovato
B23: SF-CSB-ZAN | C23: DA AGGIORNARE | D23: Il derivatore è in realtà un'apertura verso un'altra camera, da cui parte un circolare ø700 cls (archivio TEA). | E23: Castelbelforte | F23: Capoluogo | G23: Via Zaniboni/Via Cavour | H23: 45.212485, 10.891091 | I23: Castelbelforte (Capoluogo) | J23: Fossetta Castelbelforte (Scarica attraverso rete acque piovane) | K23: tramite condotta meteo | L23: di rete | M23: - | N23: in meteo - chiedere al comune | O23: n.a. - rete meteorica in fosso afferente | P23: n.a. | Q23: -
A24: Casteld'ario
B25: SF-CSD-ALL | C25: DA AGGIORNARE | E25: Castel D' Ario | F25: Capoluogo | G25: via S. Allende / via F. Cervi | H25: 45.188317, 10.969825 | I25: Castel D'Ario (Capoluogo) | J25: Scolo Frassinara (da rete meteorica) | K25: tramite condotta meteo | L25: di rete | M25: 45412 | N25: in meteo - chiedere al comune - n° PD / 416 del 30/04/2020 | O25: n.a. - rete meteorica in fosso afferente | P25: n.a. | Q25: -
B26: SF-CSD-ARD | C26: DA AGGIORNARE | D26: considerata una pendenza del 4% per farlo "tornare" superiore a 20 l/s. (anziché il valore "da CAD fornito" del 2.3%) | E26: Castel D' Ario | F26: Capoluogo | G26: via Fosse Ardeatine /SP31 | H26: 45.194841, 10.977597 | I26: Castel D'Ario (Capoluogo) | J26: Condotto Fontana (da fosso tombato) | L26: di rete | M26: 45412 | N26: n° PD / 423 del 30/04/2020 | O26: fosso privato afferente canale consortile - n.a. | P26: n.a. | Q26: -
B27: SF-CSD-CSD1 | C27: DA AGGIORNARE | E27: Castel D' Ario | F27: Capoluogo | G27: Area Depuratore | H27: 45.186605, 10.983417 | I27: Castel D'Ario (Capoluogo) | J27: Fossa Molinella | L27: in testa impianto di depurazione | M27: 45412 | N27: n° PD / 425 del 30/04/2020 | O27: Regione Lombardia - SIPIUI | P27: DA RICHIEDERE
B28: SF-CSD-CSD2 | C28: DA AGGIORNARE | D28: Qs<Pavv | E28: Castel D' Ario | F28: Capoluogo | G28: Via Trieste (non su strada, in campo privato) | H28: 45.187662, 10.981388 | I28: Castel D'Ario (Capoluogo) | J28: Fossa Molinella | L28: di rete | M28: 45423 | N28: n° PD / 443 del 11/05/2020 | O28: Regione Lombardia - SIPIUI | P28: DA RICHIEDERE
B29: SF-CSD-GAS | C29: DA AGGIORNARE | E29: Castel D' Ario | F29: Capoluogo | G29: Via De Gasperi | H29: 45.18810737371577, 10.968887458070576 | I29: Castel D'Ario (Capoluogo) | J29: Scolo Frassinara | L29: di testa rete | M29: 45424 | N29: n° PD / 447 del 12/05/2020 | O29: Regione Lombardia - SIPIUI | P29: DA RICHIEDERE
B30: SF-CSD-GAS2 | C30: DA AGGIORNARE | E30: Castel D' Ario | F30: Capoluogo | G30: Via De Gasperi | H30: 45.188192631240454, 10.968749802712578 | I30: Castel D'Ario (Capoluogo) | J30: Scolo Frassinara | L30: di testa rete | M30: 45412 | N30: ?? | O30: Regione Lombardia - SIPIUI | P30: DA RICHIEDERE | R30: NON trovata nell'elenco delle autorizzazioni degli sfiori di casteldario
B31: SF-CSD-GRA2 | C31: DA AGGIORNARE | E31: Castel D' Ario | F31: Capoluogo | G31: Canale Marchesano (da rete meteorica) | H31: 45.183695, 10.971836 | I31: Castel D'Ario (Capoluogo) | J31: Canale Marchesano (da rete meteorica) | K31: tramite condotta meteo | L31: di rete | M31: 45412 | N31: in meteo - chiedere al comune - n° PD / 419 30/04/2020 | O31: n.a. - rete meteorica in fosso afferente | P31: n.a. | Q31: -
B32: SF-CSD-KIN | C32: DA AGGIORNARE | E32: Castel D' Ario | F32: Capoluogo | G32: via King / via Gramsci | H32: 45.186053, 10.971092 | I32: Castel D'Ario (Capoluogo) | J32: Canale Marchesano (da rete meteorica) | K32: tramite condotta meteo | L32: di rete | M32: 45412 | N32: in meteo - chiedere al comune | O32: n.a. - rete meteorica in fosso afferente | P32: n.a. | Q32: -
B33: SF-CSD-MAG | C33: DA AGGIORNARE | E33: Castel D' Ario | F33: Capoluogo | G33: via I° Maggio n. 7 | H33: 45.189646128421245, 10.979481755763011 | I33: Castel D'Ario (Capoluogo) | J33: Fossa Molinella | L33: di testa rete | M33: 45412 | N33: n° PD / 417 del 30/04/2020 | O33: Regione Lombardia - SIPIUI
B34: SF-CSD-MAR | C34: DA AGGIORNARE | E34: Castel D' Ario | F34: Capoluogo | G34: via Marzabotto / SP31 | H34: 45.195222, 10.977957 | I34: Castel D'Ario (Capoluogo) | J34: Condotto Fontana (da fosso tombato) | L34: di rete | M34: 45412 | N34: n° PD / 421 del 30/04/2020 | O34: fosso privato afferente canale consortile - n.a. | P34: n.a. | Q34: -
B35: SF-CSD-MAT1 | C35: DA AGGIORNARE | E35: Castel D' Ario | F35: Capoluogo | G35: via Matteotti n.11 | H35: 45.1889, 10.973278 | I35: Castel D'Ario (Capoluogo) | J35: Condotto Dossi Pezze (da fosso tombato) | L35: di rete | M35: 45446 | N35: n° PD / 513 del 03/06/2020 | O35: fosso privato afferente canale consortile - n.a. | P35: n.a. | Q35: -
B36: SF-CSD-MAT2 | C36: DA AGGIORNARE | E36: Castel D' Ario | F36: Capoluogo | G36: via Matteotti | H36: 45.186972, 10.97091 | I36: Castel D'Ario (Capoluogo) | J36: Scolo Frassinara (da rete meteorica) | K36: tramite condotta meteo | L36: di rete | M36: 45412 | N36: in meteo - chiedere al comune - n° PD / 536 del 11/06/2020 | O36: n.a. - rete meteorica in fosso afferente | P36: n.a. | Q36: -
B37: SF-CSD-MGR | C37: DA AGGIORNARE | D37: considerata una pendenza del 0.6% per farlo "tornare" superiore a 20 l/s. (anziché il valore "da CAD fornito" del 0.16%) | E37: Castel D' Ario | F37: Capoluogo | G37: via Monte Grappa / SP31 | H37: 45.195607, 10.978316 | I37: Castel D'Ario (Capoluogo) | J37: Condotto Fontana (da fosso tombato) | L37: di rete | M37: 45412 | N37: n° PD / 420 del 30/04/2020 | O37: fosso privato afferente canale consortile - n.a. | P37: n.a. | Q37: -
B38: SF-CSD-ROM | C38: DA AGGIORNARE | E38: Castel D' Ario | F38: Capoluogo | G38: via Roma | H38: 45.190952, 10.970874 | I38: Castel D'Ario (Capoluogo) | J38: Condotto Dossi Pezze | L38: in testa impianto sollevamento | M38: 45412 | N38: n° PD / 414 del 30/04/2020 | O38: TDM | P38: DA RICHIEDERE
B39: SF-CSD-SET | C39: DA AGGIORNARE | E39: Castel D' Ario | F39: Capoluogo | G39: via XX settembre / piazza Garibaldi | H39: 45.189144, 10.975078 | I39: Castel D'Ario (Capoluogo) | J39: Condotto Dossi Pezze | L39: di rete | M39: 45451 | N39: n° PD / 530 del 08/06/2020 | O39: TDM | P39: DA RICHIEDERE
B40: SF-CSD-VEN1 | C40: DA AGGIORNARE | E40: Castel D' Ario | F40: Capoluogo | G40: via Veneto / Via I° Maggio | H40: 45.190151, 10.977507 | I40: Castel D'Ario (Capoluogo) | J40: fosso Molinella | L40: in testa impianto sollevamento | M40: 45412 | N40: n° PD / 424 del 30/04/2020 | O40: Regione Lombardia - SIPIUI | P40: DA RICHIEDERE
A41: Villa Pasquali
B42: SF-SBB-GRA | C42: OK | E42: Sabbioneta | F42: Villa Pasquali | G42: Via della Grangia | H42: 44.99795, 10.513292 | I42: Villa Pasquali-Breda | J42: Gambina di Sabbioneta | L42: di rete | M42: 45536 | N42: n° PD / 780 01/09/2020 | O42: Navarolo-Agro Cremonese Mantovano | P42: IN CORSO | R42: In corso voltura
A43: Correggioli (Ostiglia)
B44: SF-OST-CAS | C44: DA VERIFICARE | E44: Ostiglia | F44: Correggioli | G44: via Cascine | H44: 45.06379, 11.1668 | I44: Ostiglia (Loc. Correggioli) | J44: Dugale Mantovano | L44: di rete | M44: 44807 | N44: n° PD / 1004 del 03/09/2018 | O44: TDM | R44: Cartella con materiale pronto per chiedere il rinnovo - è stato poi inoltrato?
B45: SF-OST-COR | C45: DA VERIFICARE | E45: Ostiglia | F45: Correggioli | G45: via Canali | H45: 45.0727, 11.17044 | I45: Ostiglia (Loc. Correggioli) | J45: Dugale Mantovano | L45: in testa impianto di depurazione | M45: 2020 | N45: n° PD / 631 del 14/04/2016 | O45: TDM | R45: Esiste una richiesta di int. che fa riferimento ad una domanda di rinnovo del 2019 Cartella con materiale pronto per chiedere il rinnovo - è stato poi inoltrato?
A46: Viadana - Cogozzo
B47: SF-VDN-CAG | C47: OK | E47: Viadana | F47: Cogozzo | G47: Via Cagnola | H47: 44.93368, 10.52421 | I47: Cogozzo | J47: Fosso Paralupa tratto est | L47: in testa impianto sollevamento | M47: In rinnovo - in VIA | N47: n° PD / 933 del 20/08/2018 | O47: Navarolo-Agro Cremonese Mantovano | P47: 50036 | Q47: N°1907 del 31/01/2024 | R47: IN CORSO VIA perchè > 10.000 A.E.
B48: SF-VDN-CDB | C48: OK | E48: Viadana | F48: Cicognara | G48: Via Monpelio | H48: 44.94696, 10.48711 | I48: Cogozzo | J48: Cicognara | L48: in testa impianto sollevamento | M48: In rinnovo - in VIA | N48: n° PD / 938 del 20/08/2018 | O48: Navarolo-Agro Cremonese Mantovano | P48: 50036 | Q48: N°1907 del 31/01/2024 | R48: IN CORSO VIA perchè > 10.000 A.E.
B49: SF-VDN-CGN2 | C49: OK | E49: Viadana | F49: Capoluogo | G49: Via Cagnola | H49: 44.93389535, 10.52287126 | I49: Cogozzo | J49: Fosso Paralupa tratto est | L49: di rete | M49: In rinnovo - in VIA | N49: n° PD / 939 del 20/08/2018 | O49: Navarolo-Agro Cremonese Mantovano | P49: 50036 | Q49: N°1907 del 31/01/2024 | R49: IN CORSO VIA perchè > 10.000 A.E.
B50: SF-VDN-COG | C50: OK | E50: Viadana | F50: Cogozzo | G50: Viale Kennedy | H50: 44.93880, 10.50848 | I50: Cogozzo | J50: Cogozzo | L50: in testa impianto sollevamento | M50: In rinnovo - in VIA | N50: n° PD / 1066 del 17/11/2020 | O50: Navarolo-Agro Cremonese Mantovano | P50: 50036 | Q50: N°1907 del 31/01/2024 | R50: IN CORSO VIA perchè > 10.000 A.E.
B51: SF-VDN-FEN | C51: OK | E51: Viadana | F51: Cogozzo | G51: Via dei Pioppi | H51: 44.93946, 10.50939 | I51: Cogozzo | J51: Cogozzo | L51: in testa impianto sollevamento | M51: In rinnovo - in VIA | N51: n° PD / 934 del 20/08/2018 | O51: Navarolo-Agro Cremonese Mantovano | P51: 50036 | Q51: N°1907 del 31/01/2024 | R51: IN CORSO VIA perchè > 10.000 A.E.
B52: SF-VDN-LOR | C52: OK | E52: Viadana | F52: Capoluogo | G52: Via Viazzoli | H52: 44.93552, 10.53410 | I52: Cogozzo | J52: Viazzoli | L52: di rete | M52: In rinnovo - in VIA | N52: n° PD / 931 del 20/08/2018 | O52: Navarolo-Agro Cremonese Mantovano | P52: 50036 | Q52: N°1907 del 31/01/2024 | R52: IN CORSO VIA perchè > 10.000 A.E.
B53: SF-VDN-MER | C53: OK | E53: Viadana | F53: Capoluogo | G53: Via Viazzoli | H53: 44.93442, 10.53139 | I53: Cogozzo | J53: Viazzoli | L53: di rete | M53: In rinnovo - in VIA | N53: n° PD / 932 del 20/08/2018 | O53: Navarolo-Agro Cremonese Mantovano | P53: 50036 | Q53: N°1907 del 31/01/2024 | R53: IN CORSO VIA perchè > 10.000 A.E.
B54: SF-VDN-MIL | C54: OK | E54: Viadana | F54: Capoluogo | G54: Via Milano | H54: 44.94071669810945, 10.487640962038737 | I54: Cogozzo | J54: CIP Casalmaggiore-Pomponesco | L54: di rete | M54: In rinnovo - in VIA | O54: Navarolo-Agro Cremonese Mantovano | P54: 50036 | Q54: N°1907 del 31/01/2024 | R54: IN CORSO VIA perchè > 10.000 A.E.
B55: SF-VDN-PAN | C55: OK | E55: Viadana | F55: Cogozzo | G55: Via Pangona | H55: 44.94429, 10.49521 | I55: Cogozzo | J55: Scurtabaffa | L55: in testa impianto sollevamento | M55: In rinnovo - in VIA | N55: n° PD / 936 del 20/08/2018 | O55: Navarolo-Agro Cremonese Mantovano | P55: 50036 | Q55: N°1907 del 31/01/2024 | R55: IN CORSO VIA perchè > 10.000 A.E.
B56: SF-VDN-PIO | C56: OK | D56: Sfioratore unito a FEN | E56: Viadana | F56: Fenilrosso | G56: Via dei Pioppi | H56: 44.9397384084387, 10.509826445920414 | I56: Cogozzo | J56: Cogozzo | L56: in testa impianto sollevamento | M56: In rinnovo - in VIA | N56: n° PD / 935 del 20/08/2018 | O56: Navarolo-Agro Cremonese Mantovano | P56: 50036 | Q56: N°1907 del 31/01/2024 | R56: IN CORSO VIA perchè > 10.000 A.E.
B57: SF-VDN-SCA | C57: OK | E57: Viadana | F57: Capoluogo | G57: Rotatoria Villa Scassa-Via G. di Vittorio | H57: 44.93279845, 10.53987454 | I57: Cogozzo | J57: Reticolo idrico minore afferente a Volta Sud | L57: in testa impianto sollevamento | M57: In rinnovo - in VIA | N57: n° PD / 937 del 20/08/2018 | O57: Navarolo-Agro Cremonese Mantovano | P57: 50036 | Q57: N°1907 del 31/01/2024 | R57: IN CORSO VIA perchè > 10.000 A.E.
A58: Pieve di corriano | T58: AGGIORNATO IN REALTà
B59: SF-PVC-MATT2 | C59: OK | D59: è stata alzata la soglia di sfioro a giugno 2022 | E59: Borgo Mantovano | F59: Pieve di Coriano | G59: via Matteotti | H59: 45.032752, 11.111709 | I59: Pieve di Coriano | J59: rete acque meteoriche che scarica in un fossato afferente a Emissario Agro Mantovano-Reggiano | K59: tramite condotta meteo | L59: di rete | N59: IN RINNOVO CON DEPURATORE (Inviato nel 2022) | O59: n.a. - rete meteorica in fosso afferente | P59: n.a. | Q59: -
B60: SF-PVC-PEL | C60: OK | E60: Borgo Mantovano | F60: Pieve di Coriano | G60: via Pelate | H60: 45.031359, 11.114043 | I60: Pieve di Coriano | J60: Dugale Pieve | L60: in testa impianto sollevamento | N60: IN RINNOVO CON DEPURATORE (Inviato nel 2022) | O60: Consorzio di Bonifica Terre dei Gonzaga in Destra Po | P60: IN CORSO | R60: Richiesta in data 20.11.2023
B61: SF-PVC-PVC | C61: OK | E61: Borgo Mantovano | F61: Pieve di Coriano | G61: Area Depuratore | H61: 45.032019, 11.105554 | I61: Pieve di Coriano | J61: All. Fosso Gisiolo-Volto | L61: in testa impianto di depurazione | N61: IN RINNOVO CON DEPURATORE (Inviato nel 2022) | O61: Consorzio di Bonifica Terre dei Gonzaga in Destra Po | P61: IN CORSO | R61: Richiesta in data 20.11.2023
A62: Casalmaggiore | T62: MANDARE COME UNICA CON INFO DEPURATORE PèIANO D'AMBITO DI CREMONA
B63: SF-SBB-AMI | C63: OK | D63: in fase DI RIFACIMENTO. | E63: Sabbioneta | F63: Capoluogo | G63: Via Anna d'Aragona (fuori ambito stradale) | H63: 44.992698, 10.492324 | I63: Casalmaggiore | J63: Gambina di Sabbioneta | L63: in testa impianto sollevamento | N63: ?? | O63: Navarolo-Agro Cremonese Mantovano | P63: DA RICHIEDERE
B64: SF-SBB-FON1 | C64: DA ADEGUARE | D64: 1)Qs<Pavv,min. Premesso che il tubo derivatore è moltro piccolo (10 cm), non soddisfa i 20 l/s. (E' considerata una pendenza già "alta" del 2%). Questo scolmatore è attaccato al FON2, quindi valutare se tenerlo. Per far passare i 20 l/s occorrebbe sostituire tutto il tubo fino alla confluenza oppure aumentare di tanto la soglia di sfioro, per creare un battente al di sopra del tubo derivatore. 2)l'emissario si butta direttamente in "gambina di Sabbioneta", non tramite fosso senza nome, correggere relazione. | E64: Sabbioneta | F64: Capoluogo | G64: Via Fondi | H64: 44.992297, 10.488928 | I64: Casalmaggiore | J64: Gambina di Sabbioneta (da fosso senza nome) | L64: di rete | N64: ?? | O64: fosso privato afferente canale consortile - n.a. | P64: DA VALUTARE
B65: SF-SBB-FON2 | C65: OK | D65: 1)l'emissario si butta direttamente in "gambina di Sabbioneta", non tramite fosso senza nome. Correggere relazione. 2) il cartiglio del geometrico riporta la codifica vecchia, correggere. 3) in sez A-A la canaletta che collega il tubo 1 al 2 è rappresentata male: l'imbocco del tubo 2 si deve vedere per metà e andando verso il tubo 1 si deve vedere il tratto di canaletta sezionato longitudinalmente (quindi non tutto pieno come si vede ora) | E65: Sabbioneta | F65: Capoluogo | G65: Via Fondi | H65: 44.992299, 10.488893 | I65: Casalmaggiore | J65: Gambina di Sabbioneta (da fosso senza nome) | L65: di rete | N65: ?? | O65: fosso privato afferente canale consortile - n.a. | P65: DA VALUTARE
B66: SF-SBB-GIU | C66: OK | D66: l'emissario non si butta direttamente in "gambina di Sabbioneta", ricettore corretto è "gambina di Sabbioneta (da fosso senza nome)". | E66: Sabbioneta | F66: Capoluogo | G66: Via Giulia Gonzaga | H66: 44.997372, 10.48698 | I66: Casalmaggiore | J66: Gambina di Sabbioneta (da fosso senza nome) | L66: in testa impianto sollevamento | N66: ?? | O66: fosso privato afferente canale consortile - n.a. | P66: DA VALUTARE
B67: SF-SBB-IMP | C67: OK | E67: Sabbioneta | F67: Capoluogo | G67: Porta Imperiale | H67: 44.996143, 10.492795 | I67: Casalmaggiore | J67: Gambina di Sabbioneta (da fosso senza nome) | L67: di rete | M67: 45536 | N67: n° PD / 779 01/09/2020 | O67: fosso privato afferente canale consortile - n.a. | P67: DA VALUTARE
B68: SF-SBB-INC | C68: OK | E68: Sabbioneta | F68: Capoluogo | G68: Via Dell'Incoronata | H68: 45.000418, 10.489615 | I68: Casalmaggiore | J68: Gambina di Sabbioneta (da fosso senza nome) | L68: di rete | N68: ?? | O68: fosso privato afferente canale consortile - n.a. | P68: DA VALUTARE
B69: SF-SBB-ISA | C69: OK | E69: Sabbioneta | F69: Capoluogo | G69: via Isacci | H69: 44.999824, 10.487489 | I69: Casalmaggiore | J69: Gambina di Sabbioneta (da fosso senza nome) | L69: di rete | M69: 45536 | N69: n° PD / 782 01/09/2020 | O69: fosso privato afferente canale consortile - n.a. | P69: DA VALUTARE
B70: SF-SBB-MON1 | C70: DA ADEGUARE | D70: Qs<Pavv,min. Non soddisfa i 20 l/s, perché usata la pendenza di 0.1% rilevato. Se si aumenta allo 0.4% viene soddisfatta (Qs ) 20.31 l/s). Lo 0.4% è circa un valore medio tra la pendenza del tubo in ingresso e quello del tubo derivatore. Valutare anche se mantenere questo sfioratore (bacino piccolo). | E70: Sabbioneta | F70: Ponteterra | G70: Via Monteverdi (in vicolo privato) | H70: 44.995379, 10.46356 | I70: Casalmaggiore | J70: Gambina di Sabbioneta | L70: di rete | N70: ?? | O70: Navarolo-Agro Cremonese Mantovano | P70: DA RICHIEDERE
B71: SF-SBB-MON2 | C71: OK | D71: nelle foto immissario e derivatore sono asciutti, l'emissario invece evidenzia un ristagno di acqua. | E71: Sabbioneta | F71: Ponteterra | G71: Via Monteverdi | H71: 44.991615, 10.466932 | I71: Casalmaggiore | J71: Gambina di Sabbioneta (da fosso senza nome) | L71: di rete | N71: ?? | O71: fosso privato afferente canale consortile - n.a. | P71: DA VALUTARE
A72: Mantovanella
B73: SF-PRT-BEL | C73: OK | E73: PORTO MANTOVANO | F73: S. Antonio | G73: Via Belgiardino incr. Via Tarantelli | H73: 45.188266, 10.784873 | I73: Porto Mantovano (Mantovanella) | J73: Colatore Diversivo Mincio | L73: di rete | M73: 44561 | N73: n° PD / 242 del 23/02/2017 | O73: Regione Lombardia - SIPIUI | P73: DA RICHIEDERE | R73: Il depuratore associato è in AUA | S73: IN corso rilievo - potrebbero uscire sfiori nuovi - da mandare - 2025_ Andamento pratiche Porto Mantovano Mantovanella
B74: SF-PRT-COS1 | C74: OK | E74: PORTO MANTOVANO | F74: Soave | G74: Via Costituzione/Via D. Pietri | H74: 45.196358, 10.72428 | I74: Porto Mantovano (Mantovanella) | J74: Tratto tombato di Guerrera di Soave (da rete meteorica) | K74: tramite condotta meteo | L74: di rete | M74: - | N74: in meteo - chiedere al comune però esiste n° PD / 231 del 22/02/2017 | O74: n.a. - rete meteorica in fosso afferente | P74: n.a. | Q74: - | S74: IN corso rilievo - potrebbero uscire sfiori nuovi - da mandare - 2025_ Andamento pratiche Porto Mantovano Mantovanella
B75: SF-PRT-COS2 | C75: OK | D75: Il muretto di sfioro è posto nel pozzetto a valle del tubo emissario. | E75: PORTO MANTOVANO | F75: Soave | G75: Via Costituzione/Via Martelli | H75: 45.196786, 10.724813 | I75: Porto Mantovano (Mantovanella) | J75: Tratto tombato di Guerrera di Soave (da rete meteorica) | K75: tramite condotta meteo | L75: di rete | M75: - | N75: in meteo - chiedere al comune però esiste n° PD / 232 del 22/02/2017 | O75: n.a. - rete meteorica in fosso afferente | P75: n.a. | Q75: - | S75: IN corso rilievo - potrebbero uscire sfiori nuovi - da mandare - 2025_ Andamento pratiche Porto Mantovano Mantovanella
B76: SF-PRT-DON | C76: OK | E76: PORTO MANTOVANO | F76: Soave | G76: Via Donatori del Sangue | H76: 45.198476, 10.719029 | I76: Porto Mantovano (Mantovanella) | J76: Scolo Colarina | L76: in testa impianto sollevamento | N76: ?? | O76: TDM | P76: DA RICHIEDERE | R76: Il depuratore associato è in AUA | S76: IN corso rilievo - potrebbero uscire sfiori nuovi - da mandare - 2025_ Andamento pratiche Porto Mantovano Mantovanella
B77: SF-PRT-GER | C77: OK | E77: PORTO MANTOVANO | F77: Soave | G77: Via Germiniasi, presso ex-depuratore | H77: 45.193237, 10.723654 | I77: Porto Mantovano (Mantovanella) | J77: Scolo Colarina | L77: in testa impianto sollevamento | M77: 44561 | N77: n° PD / 1214 del 25/09/2017 | O77: TDM | P77: DA RICHIEDERE | R77: Il depuratore associato è in AUA | S77: IN corso rilievo - potrebbero uscire sfiori nuovi - da mandare - 2025_ Andamento pratiche Porto Mantovano Mantovanella
B78: SF-PRT-GRA | C78: OK | E78: PORTO MANTOVANO | F78: S. Antonio | G78: Via A. Gramsci | H78: 45.194754, 10.787835 | I78: Porto Mantovano (Mantovanella) | J78: Colatore Diversivo Mincio | L78: di rete | M78: 44561 | N78: n° PD / 190 del 17/02/2017 | O78: Regione Lombardia - SIPIUI | P78: DA RICHIEDERE | R78: Il depuratore associato è in AUA | S78: IN corso rilievo - potrebbero uscire sfiori nuovi - da mandare - 2025_ Andamento pratiche Porto Mantovano Mantovanella
B79: SF-PRT-IND | C79: OK | E79: PORTO MANTOVANO | F79: Malpensata-Gombetto | G79: Via Industria | H79: 45.19646111808928, 10.770281123265958 | I79: Porto Mantovano (Mantovanella) | J79: tratto tombato di Gambarara Vecchia (da rete meteorica) | K79: tramite condotta meteo | L79: di rete | M79: - | N79: in meteo - chiedere al comune però esiste n° PD / 233 del 22/02/2017 | O79: n.a. - rete meteorica in fosso afferente | P79: n.a. | Q79: - | S79: IN corso rilievo - potrebbero uscire sfiori nuovi - da mandare - 2025_ Andamento pratiche Porto Mantovano Mantovanella
B80: SF-PRT-MAR1 | C80: OK | E80: PORTO MANTOVANO | F80: Bancole | G80: Via Maritain/Via Bellini | H80: 45.209979, 10.793707 | I80: Porto Mantovano (Mantovanella) | J80: tratto tombato di Olmazzo tramite rete meteorica | K80: tramite condotta meteo | L80: di rete | M80: - | N80: in meteo - chiedere al comune però esiste n° PD / 215 del 21/02/2017 | O80: n.a. - rete meteorica in fosso afferente | P80: n.a. | Q80: - | S80: IN corso rilievo - potrebbero uscire sfiori nuovi - da mandare - 2025_ Andamento pratiche Porto Mantovano Mantovanella
B81: SF-PRT-MAR2 | C81: OK | E81: PORTO MANTOVANO | F81: Bancole | G81: Via Maritain incr. Via Don D. Bertoldi | H81: 45.209887, 10.79449 | I81: Porto Mantovano (Mantovanella) | J81: tratto tombato di Olmazzo tramite rete meteorica | K81: tramite condotta meteo | L81: di rete | M81: - | N81: in meteo - chiedere al comune però esiste n° PD / 216 del 21/02/2017 | O81: n.a. - rete meteorica in fosso afferente | P81: n.a. | Q81: - | S81: IN corso rilievo - potrebbero uscire sfiori nuovi - da mandare - 2025_ Andamento pratiche Porto Mantovano Mantovanella
B82: SF-PRT-MGL | C82: OK | E82: PORTO MANTOVANO | F82: Soave | G82: Strada Maglio | H82: 45.195504, 10.719206 | I82: Porto Mantovano (Mantovanella) | J82: Naviglio di Goito | L82: in testa impianto sollevamento | M82: 44561 | N82: n° PD / 228 del 22/02/2017 | O82: TDM | P82: DA RICHIEDERE | R82: Il depuratore associato è in AUA | S82: IN corso rilievo - potrebbero uscire sfiori nuovi - da mandare - 2025_ Andamento pratiche Porto Mantovano Mantovanella
B83: SF-PRT-MGL2 | C83: OK | E83: PORTO MANTOVANO | F83: Soave | G83: Strada Maglio | H83: 45.197254, 10.71729 | I83: Porto Mantovano (Mantovanella) | J83: Naviglio di Goito | L83: di rete | M83: 44561 | N83: n° PD / 244 del 23/02/2017 | O83: TDM | P83: DA RICHIEDERE | R83: Il depuratore associato è in AUA | S83: IN corso rilievo - potrebbero uscire sfiori nuovi - da mandare - 2025_ Andamento pratiche Porto Mantovano Mantovanella
B84: SF-PRT-MON | C84: OK | E84: PORTO MANTOVANO | F84: S. Antonio | G84: Via Monteverdi | H84: 45.187989, 10.786536 | I84: Porto Mantovano (Mantovanella) | J84: Colatore Diversivo Mincio | L84: di rete | M84: 44561 | N84: n° PD / 199 del 20/02/2017 | O84: Regione Lombardia - SIPIUI | P84: DA RICHIEDERE | R84: Il depuratore associato è in AUA | S84: IN corso rilievo - potrebbero uscire sfiori nuovi - da mandare - 2025_ Andamento pratiche Porto Mantovano Mantovanella
B85: SF-PRT-NER | C85: OK | E85: PORTO MANTOVANO | F85: Bancole | G85: Via P. Neruda | H85: 45.209151, 10.792721 | I85: Porto Mantovano (Mantovanella) | J85: Tratto tombato di Olmazzo | L85: in testa impianto sollevamento | M85: 44561 | N85: n° PD / 189 del 17/02/2017 | O85: ?? | R85: Il depuratore associato è in AUA | S85: IN corso rilievo - potrebbero uscire sfiori nuovi - da mandare - 2025_ Andamento pratiche Porto Mantovano Mantovanella
B86: SF-PRT-NUV | C86: OK | E86: PORTO MANTOVANO | F86: Soave | G86: Via Nuvolari | H86: 45.193311, 10.72671 | I86: Porto Mantovano (Mantovanella) | J86: Tratto tombato di Guerrera di Soave | L86: di rete | M86: 44561 | N86: n° PD / 226 del 22/02/2017 | O86: fosso privato afferente canale consortile - n.a. | R86: Il depuratore associato è in AUA | S86: IN corso rilievo - potrebbero uscire sfiori nuovi - da mandare - 2025_ Andamento pratiche Porto Mantovano Mantovanella
B87: SF-PRT-PAR | C87: OK | D87: Manufatto di sfioro immediatamente a monte di uno degli ingressi del Dep.Mantovanella | E87: PORTO MANTOVANO | F87: S. Antonio | G87: Presso depuratore Mantovanella | H87: 45.187919, 10.775914 | I87: Porto Mantovano (Mantovanella) | J87: Gambarara Vecchia | L87: di rete | M87: 44561 | N87: n° PD / 768 del 25/05/2017 | O87: fosso privato afferente canale consortile - n.a. | R87: Il depuratore associato è in AUA | S87: IN corso rilievo - potrebbero uscire sfiori nuovi - da mandare - 2025_ Andamento pratiche Porto Mantovano Mantovanella
B88: SF-PRT-ROM | C88: OK | D88: Nella tubazione di mandata del sollevamento, si innesta la premente proveniente dal SOL-PRT-MGL. | E88: PORTO MANTOVANO | F88: Soave | G88: Piazzale Roma | H88: 45.195812, 10.72002 | I88: Porto Mantovano (Mantovanella) | J88: Scolo Colarina | L88: in testa impianto sollevamento | M88: 44561 | N88: n° PD / 245 del 23/02/2017 | O88: TDM | P88: DA RICHIEDERE | R88: Il depuratore associato è in AUA | S88: IN corso rilievo - potrebbero uscire sfiori nuovi - da mandare - 2025_ Andamento pratiche Porto Mantovano Mantovanella
B89: SF-PRT-SEC1 | C89: OK | E89: PORTO MANTOVANO | F89: Bancole | G89: Via Secchia incr. Via P. Neruda | H89: 45.209688, 10.79229 | I89: Porto Mantovano (Mantovanella) | J89: tratto tombato di Olmazzo tramite rete meteorica | K89: tramite condotta meteo | L89: di rete | M89: - | N89: in meteo - chiedere al comune però esiste n° PD / 201 del 20/02/2017 | O89: n.a. - rete meteorica in fosso afferente | P89: n.a. | Q89: - | S89: IN corso rilievo - potrebbero uscire sfiori nuovi - da mandare - 2025_ Andamento pratiche Porto Mantovano Mantovanella
B90: SF-PRT-SEC2 | C90: OK | E90: PORTO MANTOVANO | F90: Bancole | G90: Via P. Secchia incr. Via Montessori | H90: 45.209386, 10.7916 | I90: Porto Mantovano (Mantovanella) | J90: tratto tombato di Olmazzo tramire rete meteorica | K90: tramite condotta meteo | L90: di rete | M90: - | N90: in meteo - chiedere al comune però esiste n° PD / 202 del 20/02/2017 | O90: n.a. - rete meteorica in fosso afferente | P90: n.a. | Q90: - | S90: IN corso rilievo - potrebbero uscire sfiori nuovi - da mandare - 2025_ Andamento pratiche Porto Mantovano Mantovanella
B91: SF-PRT-SEC3 | C91: OK | E91: PORTO MANTOVANO | F91: Bancole | G91: Via P. Secchia incr. Via Treves | H91: 45.209018, 10.790726 | I91: Porto Mantovano (Mantovanella) | J91: Tratto tombato di Olmazzo tramite rete meteorica | K91: tramite condotta meteo | L91: di rete | M91: - | N91: in meteo - chiedere al comune però esiste n° PD / 209 del 21/02/2017 | O91: n.a. - rete meteorica in fosso afferente | P91: n.a. | Q91: - | S91: IN corso rilievo - potrebbero uscire sfiori nuovi - da mandare - 2025_ Andamento pratiche Porto Mantovano Mantovanella
B92: SF-PRT-SEC4 | C92: OK | E92: PORTO MANTOVANO | F92: Bancole | G92: Via Secchia incr. Via B. Croce | H92: 45.210014, 10.793087 | I92: Porto Mantovano (Mantovanella) | J92: Tratto tombato di Olmazzo tramite rete meteorica | K92: tramite condotta meteo | L92: di rete | M92: - | N92: in meteo - chiedere al comune però esiste n° PD / 213 del 21/02/2017 | O92: n.a. - rete meteorica in fosso afferente | P92: n.a. | Q92: - | S92: IN corso rilievo - potrebbero uscire sfiori nuovi - da mandare - 2025_ Andamento pratiche Porto Mantovano Mantovanella
B93: SF-PRT-SOL | C93: OK | E93: PORTO MANTOVANO | F93: Soave | G93: Via Solzi Antenore | H93: 45.194074, 10.722929 | I93: Porto Mantovano (Mantovanella) | J93: Scolo Colarina | L93: di rete | M93: 44561 | N93: n° PD / 200 del 20/02/2017 | O93: TDM | P93: DA RICHIEDERE | R93: Il depuratore associato è in AUA | S93: IN corso rilievo - potrebbero uscire sfiori nuovi - da mandare - 2025_ Andamento pratiche Porto Mantovano Mantovanella
B94: SF-PRT-TAR | C94: OK | E94: PORTO MANTOVANO | F94: S. Antonio | G94: Via E. Tarantelli incr. Via Salvo D'Acquisto | H94: 45.187335, 10.784475 | I94: Porto Mantovano (Mantovanella) | J94: Colatore Diversivo Mincio | L94: di rete | M94: 44561 | N94: n° PD / 218 del 21/02/2017 | O94: Regione Lombardia - SIPIUI | P94: DA RICHIEDERE | R94: Il depuratore associato è in AUA | S94: IN corso rilievo - potrebbero uscire sfiori nuovi - da mandare - 2025_ Andamento pratiche Porto Mantovano Mantovanella

Sheet Sfiori Qs<Pavv
C2: Qs [l/s] | D2: Pavv [l/s] | G2: Adeguamento | H2: Qs post adeguamento [l/s] | I2: Tipo sfioratore
B3: SF-CSS-MED2 | C3: 197.49 | D3: 203.90728 | F3: Intervento | G3: Modificare pendenza da 0,0024 a 0,003 | H3: 223 | I3: B | J3: Da chiudere post adeguamento soll di valle | O3: Verifica scala di deflusso MED3
G4: Alzo soglia di 2 cm | H4: 214 | I4: B
G5: Alzo soglia di 52 cm | H5: 591 | I5: A
B6: SF-CMM-CMM | C6: 11.35 | D6: 13.498264 | F6: Intervento | G6: Cambiare assetto del sollevamento limitante | J6: Sollevamento verificato, effettivamente risulta Qsoll=11,4 l/s. Giacomo dice che il depuratore non risulta verificato neanche con la portata dichiarata di 11 l/s, quindi possiamo sistemare gli elaborati dello sfioro in modo che risulti conforme (ritocco il punto di funzionamento del soll), lato depuratore hanno fatto storie anche per il rinnovo di qualche anno fa, "in qualche modo faremo". Servirebbe una seconda vasca di sedimentazione
B8: SF-CSD-CSD2 | C8: 38.23 | D8: 42.54 | F8: Intervento | G8: Modificare pendenza da 0,005 a 0,007 | H8: 45 | I8: B | J8: Intervento da realizzare
G9: Alzo soglia di 2 cm | H9: 45 | I9: B
G10: Alzo soglia di 11 cm e consedero pendenza di 0.007 | H10: 85 | I10: A
B11: SF-RVL-RVL | C11: 9.45 | D11: 35.97 | F11: Intervento | G11: Alzare la soglia di 30 cm (o considerare pendenza di 0.007 anziché 0.0004) e cambiare assetto al sollevamento di valle (Qsoll attuale=18.8 l/s) | J11: La relazione aggiornata non considera il sollevamento, il quale è limitante. Senza sollevamento Qs=92,37 l/s (hanno considerato una soglia che in realtà deve essere ancora fatta, ma è già in programma). | O11: Capacità sollevamento (pompe in parallelo) è di 25 l/s, pompe cambiate da poco

Sheet sfiori per SIPIUI
A1: OK - RELAZIONI A POSTO
A2: E' SIPIUI ?
A3: DA FARE?
A5: Codice | B5: Cod Prov Manufa SF | C5: COMUNE | D5: LOCALITA | E5: UBICAZIONE | F5: Coordinate | G5: DEPURATORE ASSOCIATO | H5: RECAPITO EMISSARIO | I5: TIPO | J5: AE CIV | K5: AE IND | L5: AE TOT | M5: Q CIV | N5: Q IND | O5: Qnm | P5: Qs | Q5: Pavv | R5: Qsc | S5: Vasca PTUA | T5: Scadenza autorizzazione Provincia | U5: Atto Provincia n° | V5: Consorzio competente | W5: Scadenza concessione Consorzio | X5: Atto Consorzio n° | Y5: Note | Z5: PRESENTI RELAZIONI DATATE:
A6: SF-BGR-MON | B6: PP0200570007 | C6: San Giorgio Bigarello | D6: Gazzo | E6: via Montale | F6: 45.18111, 10.89876 | G6: Bigarello (Gazzo) | H6: Cavo San Giorgio | I6: di rete | J6: 153 | K6: 0 | L6: =J6+K6 -> 153 | M6: 0.36 | N6: 0 | O6: =N6+M6 -> 0.36 | P6: 21.12 | Q6: 1.33 | R6: 322.88 | S6: Occorre vasca volano | T6: 46180 | U6: PD/633 del 06/06/2022 | V6: Regione Lombardia - SIPIUI | W6: IN CORSO | Y6: Sospesa per integrazioni mai consegnate - Fatta Domanda a TDM, ma secondo me è SIPIUI
A7: SF-CSB-CAV | C7: Castelbelforte | D7: Capoluogo | E7: Via Cavour 51 | F7: 45.20981, 10.890266 | G7: Castelbelforte (Capoluogo) | H7: Fossa Molinella | I7: in testa impianto sollevamento | J7: 121 | K7: 37 | L7: =J7+K7 -> 158 | M7: 0.28 | N7: 2.74 | O7: =N7+M7 -> 3.02 | P7: 20 | Q7: 6.32 | R7: 313 | S7: non occorre | T7: 44674 | U7: n° PD / 481 del 20/04/2018 | V7: Regione Lombardia - SIPIUI | W7: DA RICHIEDERE
A8: SF-CSB-PES | C8: Castelbelforte | D8: Capoluogo | E8: Via Pescine, 6 | F8: 45.2177, 10.895779 | G8: Castelbelforte (Capoluogo) | H8: Allegrezzola di Castelbelforte | I8: in testa impianto sollevamento | J8: 483 | K8: 0 | L8: =J8+K8 -> 483 | M8: 1.14 | N8: 0 | O8: =N8+M8 -> 1.14 | P8: 4.3 | Q8: 4.19 | R8: 1870.7 | S8: Occorre vasca volano | T8: 44674 | U8: n° PD / 482 DEL 20/04/2018 | V8: Regione Lombardia - SIPIUI | W8: DA RICHIEDERE
A9: SF-CSD-CSD1 | B9: PP0200140014 | C9: Castel D' Ario | D9: Capoluogo | E9: Area Depuratore | F9: 45.186605, 10.983417 | G9: Castel D'Ario (Capoluogo) | H9: Fossa Molinella | I9: in testa impianto di depurazione | J9: 4159 | K9: 214.5 | L9: =J9+K9 -> 4373.5 | M9: 9.78 | N9: 6.6 | O9: =N9+M9 -> 16.38 | P9: 139 | Q9: 42.54 | R9: -96 | S9: non occorre | T9: 45412 | U9: n° PD / 425 del 30/04/2020 | V9: Regione Lombardia - SIPIUI | W9: DA RICHIEDERE
A10: SF-CSD-CSD2 | B10: PP0200140005 | C10: Castel D' Ario | D10: Capoluogo | E10: Via Trieste (non su strada, in campo privato) | F10: 45.187662, 10.981388 | G10: Castel D'Ario (Capoluogo) | H10: Fossa Molinella | I10: di rete | J10: 4159 | K10: 214.5 | L10: =J10+K10 -> 4373.5 | M10: 9.78 | N10: 6.6 | O10: =N10+M10 -> 16.38 | P10: 38.23 | Q10: 42.54 | R10: 2746.77 | S10: Occorre vasca volano | T10: 45423 | U10: n° PD / 443 del 11/05/2020 | V10: Regione Lombardia - SIPIUI | W10: DA RICHIEDERE
A11: SF-CSD-GAS | B11: PP0200140017 | C11: Castel D' Ario | D11: Capoluogo | E11: Via De Gasperi | F11: 45.18819669368465, 10.968749994855289 | G11: Castel D'Ario (Capoluogo) | H11: Scolo Frassinara | I11: di testa rete | L11: =J11+K11 -> 0 | O11: =N11+M11 -> 0 | R11: 0 | T11: 45424 | U11: n° PD / 447 del 12/05/2020 | V11: Regione Lombardia - SIPIUI | W11: DA RICHIEDERE
A12: SF-CSD-GAS2 | C12: Castel D' Ario | D12: Capoluogo | E12: Via De Gasperi | F12: 45.18810737371577, 10.968887458070576 | G12: Castel D'Ario (Capoluogo) | H12: Scolo Frassinara | I12: di testa rete | L12: =J12+K12 -> 0 | O12: =N12+M12 -> 0 | R12: 0 | T12: 45412 | U12: ?? | V12: Regione Lombardia - SIPIUI | W12: DA RICHIEDERE | Y12: NON trovata nell'elenco delle autorizzazioni degli sfiori di casteldario
A13: SF-CSD-VEN1 | B13: PP0200140010 | C13: Castel D' Ario | D13: Capoluogo | E13: via Veneto / Via I° Maggio | F13: 45.190151, 10.977507 | G13: Castel D'Ario (Capoluogo) | H13: fosso Molinella | I13: in testa impianto sollevamento | J13: 139 | K13: 0 | L13: =J13+K13 -> 139 | M13: 0.33 | N13: 0 | O13: =N13+M13 -> 0.33 | P13: 21.71 | Q13: 1.21 | R13: 462.29 | S13: Occorre vasca volano | T13: 45412 | U13: n° PD / 424 del 30/04/2020 | V13: Regione Lombardia - SIPIUI | W13: DA RICHIEDERE
A14: SF-CSS-CHI1 | B14: PP0200170003 | C14: Castiglione delle Stiviere | D14: Capoluogo | E14: Via Chiassi, 29 | F14: 45.393048, 10.489621 | G14: Castiglione delle Stiviere | H14: Vaso Riale | I14: di rete | J14: 504 | K14: 0 | L14: =J14+K14 -> 504 | M14: 1.1853333 | N14: 0 | O14: =N14+M14 -> 1.1853333 | P14: 26.86 | Q14: 4.375 | R14: 897.14 | S14: Occorre vasca volano | T14: 46543 | U14: n° PD 961 del 05/06/2023 | V14: Regione Lombardia - SIPIUI | W14: DA RICHIEDERE
A15: SF-CSS-CHI2 | B15: PP0200170002 | C15: Castiglione delle Stiviere | D15: Capoluogo | E15: Via Chiassi, 106 | F15: 45.393787, 10.48898 | G15: Castiglione delle Stiviere | H15: Vaso Riale | I15: di rete | J15: 334 | K15: 0 | L15: =J15+K15 -> 334 | M15: 0.78551852 | N15: 0 | O15: =N15+M15 -> 0.78551852 | P15: 46.5 | Q15: 2.8993056 | R15: 533.5 | S15: Occorre vasca volano | T15: 46543 | U15: n° PD 961 del 05/06/2023 | V15: Regione Lombardia - SIPIUI | W15: DA RICHIEDERE
A16: SF-CSS-CHI3 | B16: PP0200170024 | C16: Castiglione delle Stiviere | D16: Capoluogo | E16: Via Chiassi (Piazzale della Repubblica) | F16: 45.392933, 10.488166 | G16: Castiglione delle Stiviere | H16: Vaso Riale | I16: di rete | J16: 1531 | K16: 24 | L16: =J16+K16 -> 1555 | M16: 3.6006852 | N16: 0.095138889 | O16: =N16+M16 -> 3.6958241 | P16: 67.34 | Q16: 13.498264 | R16: 221.66 | S16: Occorre vasca volano | T16: 46543 | U16: n° PD 961 del 05/06/2023 | V16: Regione Lombardia - SIPIUI | W16: DA RICHIEDERE
A17: SF-CSS-DES | B17: PP0200170026 | C17: Castiglione delle Stiviere | D17: Capoluogo | E17: Via Bertas (Parco Desenzani) | F17: 45.388989, 10.484657 | G17: Castiglione delle Stiviere | H17: Vaso Riale | I17: di rete | J17: 27 | K17: 0 | L17: =J17+K17 -> 27 | M17: 0.0635 | N17: 0 | O17: =N17+M17 -> 0.0635 | P17: 78.21 | Q17: 0.234375 | R17: 10.79 | S17: non occorre | T17: 46543 | U17: n° PD 961 del 05/06/2023 | V17: Regione Lombardia - SIPIUI | W17: DA RICHIEDERE
A18: SF-CSS-GER | B18: PP0200170022 | C18: Castiglione delle Stiviere | D18: Capoluogo | E18: Via Gerra (lato Est) | F18: 45.37268, 10.501799 | G18: Castiglione delle Stiviere | H18: Gerra Fosso - San Vigilio, tratto tombato | I18: di rete | J18: 1756 | K18: 29 | L18: =J18+K18 -> 1785 | M18: 4.1298519 | N18: 0.13 | O18: =N18+M18 -> 4.2598519 | P18: 51.85 | Q18: 15.49 | R18: 1661.15 | S18: Occorre vasca volano | T18: 46543 | U18: n° PD 961 del 05/06/2023 | V18: Regione Lombardia - SIPIUI | W18: DA RICHIEDERE
A19: SF-CSS-GER2 | B19: PP0200170017 | C19: Castiglione delle Stiviere | D19: Capoluogo | E19: Via Gerra | F19: 45.37732, 10.503095 | G19: Castiglione delle Stiviere | H19: Gerra Fosso - San Vigilio, tratto tombato | I19: di rete | J19: 4358 | K19: 343 | L19: =J19+K19 -> 4701 | M19: 10.24937 | N19: 6.6328704 | O19: =N19+M19 -> 16.882241 | P19: 100.18 | Q19: 44.01 | R19: 1645.82 | S19: Occorre vasca volano | T19: 46543 | U19: n° PD 961 del 05/06/2023 | V19: Regione Lombardia - SIPIUI | W19: DA RICHIEDERE
A20: SF-CSS-MED | B20: PP0200170010 | C20: Castiglione delle Stiviere | D20: Capoluogo | E20: Via Medole (prossimità via V.Alfieri) | F20: 45.384846, 10.486023 | G20: Castiglione delle Stiviere | H20: Vaso Riale | I20: di rete | J20: 11627 | K20: 1069 | L20: =J20+K20 -> 12696 | M20: 27.344981 | N20: 33.93 | O20: =N20+M20 -> 61.274981 | P20: 287.25 | Q20: 149.89 | R20: 590.75 | S20: Occorre vasca volano | T20: 46543 | U20: n° PD 961 del 05/06/2023 | V20: Regione Lombardia - SIPIUI | W20: DA RICHIEDERE
A21: SF-CSS-PAS | B21: PP0200170006 | C21: Castiglione delle Stiviere | D21: Capoluogo | E21: Via Martini, 2 (Parco Pastore) | F21: 45.392611, 10.484289 | G21: Castiglione delle Stiviere | H21: Vaso Riale | I21: di rete | J21: 6560 | K21: 12 | L21: =J21+K21 -> 6572 | M21: 15.428148 | N21: 0.02 | O21: =N21+M21 -> 15.448148 | P21: 286.3 | Q21: 57.05 | R21: 3492.7 | S21: Occorre vasca volano | T21: 46543 | U21: n° PD 961 del 05/06/2023 | V21: Regione Lombardia - SIPIUI | W21: DA RICHIEDERE
A22: SF-CSS-PAS2 | B22: PP0200170005 | C22: Castiglione delle Stiviere | D22: Capoluogo | E22: Via Caraffa (Parco Pastore) | F22: 45.393686, 10.48581 | G22: Castiglione delle Stiviere | H22: Vaso Riale | I22: di rete | J22: 1717 | K22: 0 | L22: =J22+K22 -> 1717 | M22: 4.0381296 | N22: 0 | O22: =N22+M22 -> 4.0381296 | P22: 327.2 | Q22: 14.904514 | R22: 1997.8 | S22: Occorre vasca volano | T22: 46543 | U22: n° PD 961 del 05/06/2023 | V22: Regione Lombardia - SIPIUI | W22: DA RICHIEDERE
A23: SF-CSS-PAS3 | B23: PP0200170004 | C23: Castiglione delle Stiviere | D23: Capoluogo | E23: Via Chiassi (Parco Pastore) | F23: 45.392976, 10.48773 | G23: Castiglione delle Stiviere | H23: Vaso Riale | I23: di rete | J23: 1673 | K23: 24 | L23: =J23+K23 -> 1697 | M23: 3.9346481 | N23: 0.095138889 | O23: =N23+M23 -> 4.029787 | P23: 77.48 | Q23: 14.730903 | R23: 368.52 | S23: Occorre vasca volano | T23: 46543 | U23: n° PD 961 del 05/06/2023 | V23: Regione Lombardia - SIPIUI | W23: DA RICHIEDERE
A24: SF-CSS-PIS2 | B24: PP0200170008 | C24: Castiglione delle Stiviere | D24: Capoluogo | E24: Via Pisacane | F24: 45.385369, 10.481689 | G24: Castiglione delle Stiviere | H24: Vaso Riale | I24: di rete | J24: 2799 | K24: 62 | L24: =J24+K24 -> 2861 | M24: 6.5828333 | N24: 0.26666667 | O24: =N24+M24 -> 6.8495 | P24: 434.66 | Q24: 24.835069 | R24: 3708.34 | S24: Occorre vasca volano | T24: 46543 | U24: n° PD 961 del 05/06/2023 | V24: Regione Lombardia - SIPIUI | W24: DA RICHIEDERE
... A27: SF-CSS-ZAN | B27: PP0200170030 | C27: Castiglione delle Stiviere | D27: Capoluogo | E27: Via Zanardelli | F27: 45.387014, 10.484121 | G27: Castiglione delle Stiviere | H27: Vaso Riale | I27: di rete | J27: 2441 | K27: 24 | L27: =J27+K27 -> 2465 | M27: 5.7408704 | N27: 0.095138889 | O27: =N27+M27 -> 5.8360093 | P27: 397 | Q27: 21.397569 | R27: 902 | S27: Occorre vasca volano | T27: 46543 | U27: n° PD 961 del 05/06/2023 | V27: Regione Lombardia - SIPIUI | W27: DA RICHIEDERE
A28: SF-CST-BER | B28: PP0200160003 | C28: Castellucchio | D28: Capoluogo | E28: Via Prato Bersaglio | F28: 45.14978, 10.64956 | G28: Castellucchio (Capoluogo) | H28: Osone Vecchio | I28: in testa impianto sollevamento | J28: 1906 | K28: 2 | L28: =J28+K28 -> 1908 | M28: 4.48 | N28: 0.06 | O28: =N28+M28 -> 4.54 | P28: 43 | Q28: 16.56 | R28: 4311 | S28: Occorre vasca volano | T28: 46013 | U28: PD/1505 del 22/12/2021 | V28: Regione Lombardia - SIPIUI | W28: DA RICHIEDERE | Y28: DA FARE ENTRO PRESENTEZAZIONE DOMANDA
A29: SF-CST-CRO | C29: Castellucchio | D29: Capoluogo | E29: Via Crocette | F29: 45.14845526856167, 10.650393881266512 | G29: Castellucchio (Capoluogo) | H29: Osone Vecchio | I29: in testa impianto sollevamento | U29: da richiedere con rinnovo del 2024 | V29: Regione Lombardia - SIPIUI | W29: DA RICHIEDERE | Y29: DA FARE ENTRO PRESENTEZAZIONE DOMANDA
A30: SF-CST-CST | B30: PP0200160002 | C30: Castellucchio | D30: Capoluogo | E30: Via Giovanni Falcone (c/o depuratore Castellucchio) | F30: 45.14879, 10.65756 | G30: Castellucchio (Capoluogo) | H30: Osone Vecchio | I30: in testa impianto di depurazione | J30: 4528 | K30: 56.4 | L30: =J30+K30 -> 4584.4 | M30: 10.65 | N30: 4.35 | O30: =N30+M30 -> 15 | P30: 543.15 | Q30: 40.65 | R30: 1291.85 | S30: Occorre vasca volano | T30: 46013 | U30: PD/1505 del 22/12/2021 | V30: Regione Lombardia - SIPIUI | W30: DA RICHIEDERE | Y30: DA FARE ENTRO PRESENTEZAZIONE DOMANDA
A31: SF-CST-MAR | B31: PP0200160001 | C31: Castellucchio | D31: Capoluogo | E31: Via D. Martelli | F31: 45.14945, 10.65271 | G31: Castellucchio (Capoluogo) | H31: Osone Vecchio | I31: di rete | J31: 29 | K31: 0 | L31: =J31+K31 -> 29 | M31: 0.07 | N31: 0 | O31: =N31+M31 -> 0.07 | P31: 64.39 | Q31: 0.25 | R31: 38.61 | S31: Occorre vasca volano | T31: 46013 | U31: PD/1505 del 22/12/2021 | V31: Regione Lombardia - SIPIUI | W31: DA RICHIEDERE | Y31: DA FARE ENTRO PRESENTEZAZIONE DOMANDA
A32: SF-MN-ARL | B32: PP0200300015 | C32: Mantova | D32: Capoluogo | E32: Ponte Arlotto / via Fondamenta | F32: 45.15515, 10.79683 | G32: Mantova | H32: Rio di Sottoriva, recapitante ai Laghi di Mantova | I32: in testa impianto sollevamento | J32: 7268 | K32: 0 | L32: =J32+K32 -> 7268 | M32: 17.09 | N32: 0.02 | O32: =N32+M32 -> 17.11 | P32: 150 | Q32: 84.16 | R32: 4287 | S32: Non occorre (scarica a lago) | T32: 46698 | U32: PD 1805 del 26/10/2023 | V32: Regione Lombardia - SIPIUI | W32: DA RICHIEDERE
A33: SF-MN-BONO | B33: PP0200300004 | C33: Mantova | D33: Cittadella | E33: via san Giovanni Bono | F33: 45.17271, 10.78319 | G33: Mantova | H33: canale Correntino, recapitante ai Laghi di Mantova | I33: in testa impianto sollevamento | J33: 534 | K33: 0 | L33: =J33+K33 -> 534 | M33: 1.26 | N33: 0 | O33: =N33+M33 -> 1.26 | P33: 7 | Q33: 6.18 | R33: 367 | S33: Non occorre (scarica a lago) | T33: 46698 | U33: PD 1841 del 31/10/2023 | V33: Regione Lombardia - SIPIUI | W33: DA RICHIEDERE
A34: SF-MN-CART | C34: Mantova | D34: Cartiera Burgo | E34: Strada Cartiera | F34: 45.17132, 10.79992 | G34: Mantova | H34: Lago di Mezzo | I34: in testa impianto sollevamento | J34: 5368 | K34: 7 | L34: =J34+K34 -> 5375 | M34: 12.62 | N34: 0.61 | O34: =N34+M34 -> 13.23 | P34: 125 | Q34: 62.21 | R34: 757 | S34: Non occorre (scarica a lago) | U34: fare domanda di aut - 2 scaglione | V34: Regione Lombardia - SIPIUI | W34: DA RICHIEDERE
A35: SF-MN-CAV | C35: Mantova | D35: Capoluogo | E35: p.za Cavallotti - ex COIN | F35: 45.15775, 10.7897 | G35: Mantova | H35: Rio di Sottoriva, recapitante ai Laghi di Mantova | I35: di rete | J35: 1385 | K35: 0 | L35: =J35+K35 -> 1385 | M35: 3.26 | N35: 0 | O35: =N35+M35 -> 3.26 | P35: 75.73 | Q35: 16.03 | R35: 1152.27 | S35: Non occorre (scarica a lago) | U35: fare domanda di aut - 2 scaglione | V35: Regione Lombardia - SIPIUI | W35: DA RICHIEDERE
A36: SF-MN-CIP1 | B36: PP0200300013 | C36: Mantova | D36: Lunetta | E36: Strada Lunetta / strada Cipata | F36: 45.16238, 10.81668 | G36: Mantova | H36: Cavo San Giorgio, recapitante ai Laghi di Mantova | I36: di rete | J36: 15138 | K36: 108 | L36: =J36+K36 -> 15246 | M36: 35.6 | N36: 3.17 | O36: =N36+M36 -> 38.77 | P36: 1105.7 | Q36: 176.45 | R36: 2104.3 | S36: non occorre (scarica a lago) | T36: 46915 | U36: PD 1845 del 31/10/2023 | V36: Regione Lombardia - SIPIUI | W36: DA RICHIEDERE
A37: SF-MN-CIP3 | B37: PP0200300014 | C37: Mantova | D37: Lunetta | E37: Strada Lunetta / strada Cipata | F37: 45.16126, 10.81592 | G37: Mantova | H37: Cavo San Giorgio, recapitante ai Laghi di Mantova | I37: di rete | J37: 15237 | K37: 108 | L37: =J37+K37 -> 15345 | M37: 35.84 | N37: 3.17 | O37: =N37+M37 -> 39.01 | P37: 204.32 | Q37: 178.76 | R37: 1051.68 | S37: Non occorre (scarica a lago) | T37: 46698 | U37: PD 1844 del 31/10/2023 | V37: Regione Lombardia - SIPIUI | W37: DA RICHIEDERE
A38: SF-MN-CIP4 | B38: PP0200300023 | C38: Mantova | D38: Lunetta | E38: Strada Lunetta / strada Cipata | F38: 45.16122, 10.81597 | G38: Mantova | H38: Cavo San Giorgio, recapitante ai Laghi di Mantova | I38: di rete | J38: 1447 | K38: 1 | L38: =J38+K38 -> 1448 | M38: 3.4 | N38: 0.06 | O38: =N38+M38 -> 3.46 | P38: 101.76 | Q38: 16.81 | R38: 1488.24 | S38: Non occorre (scarica a lago) | T38: 46698 | U38: PD 1846 del 31/10/2023 | V38: Regione Lombardia - SIPIUI | W38: DA RICHIEDERE
A39: SF-MN-CLL | B39: PP0200300002 | C39: Mantova | D39: Colle Aperto | E39: Colle Aperto | F39: 45.17937, 10.78844 | G39: Mantova | H39: Canale Agnella, recapitante ai Laghi di Mantova | I39: di rete | J39: 956 | K39: 0 | L39: =J39+K39 -> 956 | M39: 2.25 | N39: 0 | O39: =N39+M39 -> 2.25 | P39: 113.4 | Q39: 11.06 | R39: 1308.6 | S39: Non occorre (scarica a lago) | T39: 46698 | U39: PD 1839 del 31/10/2023 | V39: Regione Lombardia - SIPIUI | W39: DA RICHIEDERE
A40: SF-MN-MART | B40: PP0200300026 | C40: Mantova | D40: Capoluogo | E40: P.zza Martiri Belfiore | F40: 45.15697, 10.79054 | G40: Mantova | H40: Rio di Sottoriva, recapitante ai Laghi di Mantova | I40: di rete | J40: 4514 | K40: 0 | L40: =J40+K40 -> 4514 | M40: 10.62 | N40: 0.03 | O40: =N40+M40 -> 10.65 | P40: 140 | Q40: 52.3 | R40: 670 | S40: Non occorre (scarica a lago) | T40: 46712 | U40: PD 1923 del 21/11/2023 | V40: Regione Lombardia - SIPIUI | W40: DA RICHIEDERE
A41: SF-MN-MAS | C41: Mantova | D41: Capoluogo | E41: via Massari | F41: 45.155487454093596, 10.794659085420252 | G41: Mantova | H41: Rio di Sottoriva, recapitante ai Laghi di Mantova | I41: di testa rete | J41: 380 | K41: 0 | L41: =J41+K41 -> 380 | M41: 0.89 | N41: 0 | O41: =N41+M41 -> 0.89 | P41: 135.76 | Q41: 4.4 | R41: 30.24 | S41: Non occorre (scarica a lago) | U41: fare domanda di aut - 3 scaglione | V41: Regione Lombardia - SIPIUI | W41: DA RICHIEDERE
A42: SF-MN-MN | C42: Mantova | E42: via Guerra, 6 | F42: 45.138045676695654, 10.803047723446515 | G42: Mantova | H42: Canale Franzina | I42: in testa impianto di depurazione | R42: 0 | U42: Insieme al depuratore di Mantova | V42: Regione Lombardia - SIPIUI | W42: DA RICHIEDERE
A43: SF-MN-MONT | B43: PP0200300005 | C43: Mantova | D43: Cittadella | E43: str. Montata | F43: 45.1722, 10.78934 | G43: Mantova | H43: canale Correntino, recapitante ai Laghi di Mantova | I43: in testa impianto sollevamento | J43: 1075 | K43: 0 | L43: =J43+K43 -> 1075 | M43: 2.53 | N43: 0 | O43: =N43+M43 -> 2.53 | P43: 30 | Q43: 12.44 | R43: 1018 | S43: Non occorre (scarica a lago) | T43: 46698 | U43: PD 1842 del 31/10/2023 | V43: Regione Lombardia - SIPIUI | W43: DA RICHIEDERE
A44: SF-MN-PES | C44: Mantova | D44: Capoluogo | E44: via Pescherie | F44: 45.15575, 10.79255 | G44: Mantova | H44: Rio di Sottoriva, recapitante ai Laghi di Mantova | I44: di rete | J44: 4789 | K44: 1 | L44: =J44+K44 -> 4790 | M44: 11.26 | N44: 0.01 | O44: =N44+M44 -> 11.27 | P44: 177.42 | Q44: 55.44 | R44: 400.58 | S44: Non occorre (scarica a lago) | U44: fare domanda di aut - 2 scaglione | V44: Regione Lombardia - SIPIUI | W44: DA RICHIEDERE | Y44: richiedere concessione
A45: SF-MN-SOLF | C45: Mantova | D45: Capoluogo | E45: via Solferino | F45: 45.15928, 10.78722 | G45: Mantova | H45: Rio di Sottoriva, recapitante ai Laghi di Mantova | I45: in testa impianto sollevamento | J45: 404 | K45: 0 | L45: =J45+K45 -> 404 | M45: 0.95 | N45: 0 | O45: =N45+M45 -> 0.95 | P45: 32 | Q45: 4.68 | R45: 490 | S45: Non occorre (scarica a lago) | U45: fare domanda di aut - 2 scaglione | V45: Regione Lombardia - SIPIUI | W45: DA RICHIEDERE | Y45: richiedere concessione
A46: SF-MN-VER | B46: PP0200300003 | C46: Mantova | D46: Capoluogo | E46: S.S. 62 Via Verona | F46: 45.17479, 10.78714 | G46: Mantova | H46: canale Correntino, recapitante ai Laghi di Mantova | I46: di rete | J46: 98 | K46: 0 | L46: =J46+K46 -> 98 | M46: 0.23 | N46: 0 | O46: =N46+M46 -> 0.23 | P46: 57.44 | Q46: 1.13 | R46: 354.56 | S46: Non occorre (scarica a lago) | T46: 46720 | U46: PD 1840 del 31/10/2023 | V46: Regione Lombardia - SIPIUI | W46: DA RICHIEDERE
A47: SF-MRM-REB | B47: PP0200330005 | C47: Marmirolo | D47: Pozzolo | E47: Via Reboline | F47: 45.3036278, 10.7132063 | G47: Marmirolo (Pozzolo) | H47: Fiume Mincio | I47: di rete | J47: 563 | K47: 0 | L47: =J47+K47 -> 563 | M47: 1.32 | N47: 0 | O47: =N47+M47 -> 1.32 | P47: 55 | Q47: 4.89 | R47: 1216 | S47: non occorre (scarica in Mincio) | T47: 46720 | U47: n° PD / 1967 30/11/2023 | V47: Regione Lombardia - SIPIUI | W47: 2049 | X47: DECRETO N. 14385 Del 08/10/2019
A48: SF-OST-IND | B48: PP0200380005 | C48: Ostiglia | D48: Capoluogo | E48: collettore zona industriale | F48: 45.08697, 11.13919 | G48: Ostiglia (Capoluogo) | H48: Fossetta di Ostiglia | I48: di rete | J48: 18 | K48: 5.3 | L48: =J48+K48 -> 23.3 | M48: 0.04 | N48: 0.63 | O48: =N48+M48 -> 0.67 | P48: 38.68 | Q48: 1.38 | R48: 1592.32 | S48: Occorre vasca volano | T48: 46215 | U48: n° PD/777 del 12/07/2022 | V48: Regione Lombardia - SIPIUI | W48: DA RICHIEDERE
A49: SF-OST-OST | B49: PP0200380003 | C49: Ostiglia | D49: Capoluogo | E49: c/o depuratore comunale | F49: 45.08321, 11.13819 | G49: Ostiglia (Capoluogo) | H49: tratto tombato di Fossetta di Ostiglia | I49: in testa impianto di depurazione | J49: 6032 | K49: 75.3 | L49: =J49+K49 -> 6107.3 | M49: 14.19 | N49: 1.46 | O49: =N49+M49 -> 15.65 | P49: 76 | Q49: 53.01 | R49: 6176 | S49: Occorre vasca volano | T49: 46215 | U49: n° PD/777 del 12/07/2022 | V49: Regione Lombardia - SIPIUI | W49: DA RICHIEDERE
A50: SF-PRT-BEL | C50: PORTO MANTOVANO | D50: S. Antonio | E50: Via Belgiardino incr. Via Tarantelli | F50: 45.188266, 10.784873 | G50: Porto Mantovano (Mantovanella) | H50: Colatore Diversivo Mincio | I50: di rete | J50: 68 | K50: 0 | L50: =J50+K50 -> 68 | M50: 0.16 | N50: 0 | O50: =N50+M50 -> 0.16 | P50: 24.46 | Q50: 0.59027778 | R50: 169.54 | S50: Occorre vasca volano | T50: 2021 | U50: n° PD / 242 del 23/02/2017 | V50: Regione Lombardia - SIPIUI | W50: DA RICHIEDERE | Y50: Il depuratore associato è in AUA
A51: SF-PRT-BRO | B51: PP0200450001 | C51: PORTO MANTOVANO | D51: S. Antonio | E51: Via Brodolini / Strada Circonvallazione Est | F51: 45.184134, 10.79484 | G51: Porto Mantovano (Favorita) | H51: Colatore Diversivo Mincio | I51: di rete | J51: 7467 | K51: 20.5 | L51: =J51+K51 -> 7487.5 | M51: 17.56 | N51: 0.24 | O51: =N51+M51 -> 17.8 | P51: 249.5 | Q51: 64.99566 | R51: 2751.5 | S51: Occorre vasca volano | T51: 46690 | U51: n° PD / 1822 del 30/10/2023 | V51: Regione Lombardia - SIPIUI | W51: IN CORSO | Y51: Inoltrata domanda SIPIUI - 25/07/2023 - PI_23_00000113746
A52: SF-PRT-EST | B52: PP0200450010 | C52: PORTO MANTOVANO | D52: S. Antonio | E52: Strada Circonvallazione Est presso depuratore Favorita | F52: 45.183928, 10.797714 | G52: Porto Mantovano (Favorita) | H52: Colatore Diversivo Mincio | I52: di rete | J52: 1662 | K52: 0 | L52: =J52+K52 -> 1662 | M52: 3.91 | N52: 0 | O52: =N52+M52 -> 3.91 | P52: 38.81 | Q52: 14.427083 | R52: 211.19 | S52: Occorre vasca volano | T52: 46690 | U52: n° PD / 1822 del 30/10/2023 | V52: Regione Lombardia - SIPIUI | W52: IN CORSO | Y52: Inoltrata domanda SIPIUI - 25/07/2023 - PI_23_00000113746
